response_id;customer_id;data_resposta;industria;empresa;produto;jornada;canal;regiao;segmento;nps_score
R0001;C0575;2025-01-14;Banco;ContaMais;Conta Corrente;Renovação;Call Center;Sul;Média Renda;7
R0002;C0160;2025-05-23;Telecom;LegacyTel;Celular Pré-Pago;Renovação;Loja/Agência;Norte;PME;6
R0003;C0634;2025-11-18;Telecom;LegacyTel;Celular Pós-Pago;Onboarding;App;Centro-Oeste;Baixa Renda;5
R0004;C0374;2025-11-22;Varejo;LojaFácil;Entrega;Uso do App/Site;Loja/Agência;Sudeste;Baixa Renda;10
R0005;C0058;2025-06-16;Telecom;FibraMax;Celular Pós-Pago;Pagamento;Website;Nordeste;Baixa Renda;6
R0006;C0470;2025-11-26;Telecom;MobileNow;Internet Fixa;Cancelamento;Call Center;Centro-Oeste;Alta Renda;5
R0007;C0157;2025-02-26;Telecom;Connecta;Celular Pós-Pago;Uso do App/Site;Website;Norte;Premium;7
R0008;C0699;2025-02-28;Telecom;FibraMax;Celular Pré-Pago;Atendimento;Atendimento Humano;Sudeste;PME;7
R0009;C0655;2025-06-02;Varejo;MercadoBom;Entrega;Pagamento;App;Nordeste;PME;7
R0010;C0581;2025-05-04;Telecom;LegacyTel;Internet Fixa;Pagamento;Website;Norte;Premium;4
R0011;C0206;2025-12-20;Banco;TradBank;Conta Corrente;Renovação;Chatbot;Sudeste;Premium;6
R0012;C0008;2025-04-23;Varejo;SuperPrime;Loja Física;Renovação;Loja/Agência;Nordeste;PME;5
R0013;C0485;2025-05-05;Banco;TradBank;Empréstimo;Renovação;App;Sul;Baixa Renda;9
R0014;C0112;2025-06-23;Seguros;SeguroDireto;Seguro Auto;Onboarding;App;Centro-Oeste;Alta Renda;8
R0015;C0016;2025-10-04;Telecom;MobileNow;Internet Fixa;Uso do App/Site;Atendimento Humano;Centro-Oeste;Média Renda;6
R0016;C0293;2025-08-21;Banco;TradBank;Conta Corrente;Uso do App/Site;Chatbot;Centro-Oeste;PME;4
R0017;C0162;2025-09-29;Seguros;SeguroDireto;Seguro Vida;Renovação;Atendimento Humano;Centro-Oeste;Média Renda;7
R0018;C0084;2025-11-14;Banco;Atlas Bank;Empréstimo;Onboarding;Website;Sudeste;Premium;8
R0019;C0010;2025-02-07;Seguros;SeguroDireto;Seguro Vida;Reclamação;Atendimento Humano;Norte;Alta Renda;7
R0020;C0557;2025-08-13;Seguros;VidaSul;Seguro Vida;Reclamação;App;Sudeste;Premium;5
R0021;C0289;2025-05-20;Varejo;SuperPrime;Entrega;Cancelamento;Loja/Agência;Norte;Baixa Renda;4
R0022;C0134;2025-06-20;Telecom;LegacyTel;Celular Pré-Pago;Pagamento;Website;Nordeste;Premium;10
R0023;C0043;2025-03-07;Varejo;MercadoBom;Compra Online;Renovação;Chatbot;Norte;PME;6
R0024;C0167;2025-05-02;Varejo;SuperPrime;Loja Física;Cancelamento;App;Nordeste;Média Renda;6
R0025;C0359;2025-08-24;Telecom;FibraMax;Celular Pós-Pago;Onboarding;Website;Nordeste;PME;9
R0026;C0340;2025-10-02;Varejo;SuperPrime;Compra Online;Uso do App/Site;App;Sul;PME;9
R0027;C0447;2025-01-23;Banco;Nexa Bank;Conta Corrente;Pagamento;Website;Norte;Alta Renda;10
R0028;C0520;2025-06-03;Banco;Nexa Bank;Empréstimo;Cancelamento;Atendimento Humano;Sul;Alta Renda;6
R0029;C0312;2025-01-01;Varejo;SuperPrime;Entrega;Atendimento;Call Center;Centro-Oeste;Alta Renda;5
R0030;C0291;2025-02-13;Varejo;SuperPrime;Compra Online;Atendimento;Atendimento Humano;Norte;Alta Renda;9
R0031;C0394;2025-12-23;Varejo;CompreJá;Compra Online;Cancelamento;Website;Nordeste;Média Renda;6
R0032;C0468;2025-03-04;Seguros;ClasseA;Seguro Residencial;Uso do App/Site;Website;Sudeste;Baixa Renda;5
R0033;C0461;2025-09-01;Telecom;Connecta;Celular Pós-Pago;Renovação;Atendimento Humano;Norte;Premium;6
R0034;C0083;2025-10-04;Varejo;MercadoBom;Compra Online;Cancelamento;Loja/Agência;Nordeste;Premium;8
R0035;C0590;2025-01-11;Telecom;Connecta;Internet Fixa;Uso do App/Site;Chatbot;Sul;Média Renda;8
R0036;C0225;2025-09-07;Seguros;Protege+;Seguro Residencial;Onboarding;Call Center;Nordeste;PME;9
R0037;C0028;2025-12-06;Varejo;MercadoBom;Loja Física;Atendimento;App;Centro-Oeste;Alta Renda;5
R0038;C0259;2025-08-04;Banco;TradBank;Empréstimo;Atendimento;Website;Centro-Oeste;Média Renda;6
R0039;C0157;2025-11-15;Banco;TradBank;Cartão de Crédito;Onboarding;Loja/Agência;Norte;Baixa Renda;8
R0040;C0319;2025-03-25;Telecom;MobileNow;Internet Fixa;Atendimento;Loja/Agência;Sudeste;Premium;2
R0041;C0580;2025-03-03;Banco;ContaMais;Empréstimo;Onboarding;Call Center;Norte;PME;5
R0042;C0157;2025-08-24;Banco;Atlas Bank;Cartão de Crédito;Reclamação;Chatbot;Nordeste;Baixa Renda;7
R0043;C0250;2025-08-19;Seguros;SeguroDireto;Seguro Auto;Renovação;Atendimento Humano;Nordeste;Premium;8
R0044;C0283;2025-11-02;Seguros;VidaSul;Seguro Vida;Reclamação;Loja/Agência;Centro-Oeste;Alta Renda;10
R0045;C0314;2025-05-05;Banco;Nexa Bank;Empréstimo;Uso do App/Site;App;Sul;PME;4
R0046;C0324;2025-04-09;Varejo;LojaFácil;Loja Física;Reclamação;Atendimento Humano;Nordeste;PME;5
R0047;C0184;2025-07-04;Banco;ContaMais;Empréstimo;Reclamação;Loja/Agência;Sul;Média Renda;7
R0048;C0588;2025-01-07;Varejo;SuperPrime;Compra Online;Renovação;Atendimento Humano;Sul;Alta Renda;8
R0049;C0577;2025-03-18;Varejo;SuperPrime;Loja Física;Atendimento;Chatbot;Nordeste;Média Renda;8
R0050;C0440;2025-10-29;Varejo;SuperPrime;Compra Online;Uso do App/Site;App;Norte;PME;7
R0051;C0609;2025-12-19;Varejo;SuperPrime;Entrega;Reclamação;App;Norte;Baixa Renda;7
R0052;C0436;2025-04-12;Seguros;ClasseA;Seguro Residencial;Onboarding;Website;Nordeste;Alta Renda;8
R0053;C0413;2025-06-05;Banco;ContaMais;Empréstimo;Uso do App/Site;Loja/Agência;Sul;Alta Renda;7
R0054;C0602;2025-10-22;Varejo;MercadoBom;Entrega;Reclamação;Chatbot;Centro-Oeste;Baixa Renda;5
R0055;C0357;2025-08-29;Banco;Nexa Bank;Empréstimo;Cancelamento;Call Center;Norte;Baixa Renda;6
R0056;C0323;2025-02-15;Seguros;SeguroDireto;Seguro Residencial;Pagamento;Loja/Agência;Sudeste;Média Renda;6
R0057;C0563;2025-05-17;Varejo;MercadoBom;Loja Física;Onboarding;Chatbot;Norte;Baixa Renda;5
R0058;C0231;2025-02-17;Telecom;Connecta;Celular Pós-Pago;Atendimento;Loja/Agência;Centro-Oeste;Baixa Renda;3
R0059;C0521;2025-11-03;Banco;ContaMais;Cartão de Crédito;Onboarding;Loja/Agência;Sul;PME;9
R0060;C0458;2025-03-18;Telecom;Connecta;Internet Fixa;Pagamento;Chatbot;Nordeste;Premium;7
R0061;C0391;2025-08-31;Seguros;ClasseA;Seguro Residencial;Pagamento;Atendimento Humano;Norte;PME;6
R0062;C0016;2025-08-22;Seguros;Protege+;Seguro Vida;Cancelamento;Loja/Agência;Sul;PME;9
R0063;C0642;2025-06-12;Telecom;Connecta;Celular Pós-Pago;Cancelamento;Loja/Agência;Sul;Baixa Renda;0
R0064;C0103;2025-12-27;Seguros;ClasseA;Seguro Vida;Onboarding;Atendimento Humano;Sudeste;Média Renda;5
R0065;C0625;2025-02-10;Seguros;VidaSul;Seguro Auto;Renovação;Call Center;Sudeste;Baixa Renda;6
R0066;C0560;2025-12-13;Seguros;Protege+;Seguro Vida;Renovação;Website;Centro-Oeste;Premium;9
R0067;C0589;2025-07-03;Telecom;FibraMax;Internet Fixa;Atendimento;Call Center;Norte;Alta Renda;6
R0068;C0236;2025-05-27;Varejo;SuperPrime;Entrega;Pagamento;App;Centro-Oeste;Alta Renda;8
R0069;C0594;2025-01-18;Varejo;LojaFácil;Compra Online;Renovação;Website;Norte;Alta Renda;5
R0070;C0169;2025-05-20;Varejo;LojaFácil;Entrega;Uso do App/Site;App;Nordeste;Alta Renda;5
R0071;C0015;2025-07-22;Varejo;MercadoBom;Loja Física;Cancelamento;Call Center;Nordeste;Baixa Renda;5
R0072;C0336;2025-10-15;Varejo;MercadoBom;Entrega;Onboarding;Chatbot;Nordeste;Alta Renda;5
R0073;C0380;2025-08-21;Telecom;MobileNow;Celular Pré-Pago;Onboarding;Loja/Agência;Centro-Oeste;Alta Renda;6
R0074;C0456;2025-08-16;Seguros;SeguroDireto;Seguro Vida;Renovação;Loja/Agência;Sul;PME;7
R0075;C0655;2025-11-25;Telecom;MobileNow;Celular Pós-Pago;Onboarding;Loja/Agência;Nordeste;Premium;10
R0076;C0611;2025-03-17;Banco;Nexa Bank;Conta Corrente;Cancelamento;Call Center;Sul;Média Renda;5
R0077;C0054;2025-05-16;Banco;Nexa Bank;Cartão de Crédito;Cancelamento;Website;Sul;Premium;7
R0078;C0534;2025-12-04;Telecom;Connecta;Celular Pré-Pago;Atendimento;Atendimento Humano;Sudeste;Baixa Renda;5
R0079;C0640;2025-05-21;Varejo;SuperPrime;Loja Física;Renovação;App;Sudeste;PME;8
R0080;C0441;2025-04-21;Varejo;CompreJá;Loja Física;Reclamação;Atendimento Humano;Nordeste;PME;5
R0081;C0096;2025-02-13;Seguros;VidaSul;Seguro Auto;Atendimento;Call Center;Centro-Oeste;PME;6
R0082;C0053;2025-08-05;Seguros;SeguroDireto;Seguro Auto;Renovação;Loja/Agência;Nordeste;Média Renda;10
R0083;C0575;2025-08-08;Varejo;SuperPrime;Entrega;Pagamento;Call Center;Sudeste;Premium;6
R0084;C0072;2025-07-25;Banco;Nexa Bank;Empréstimo;Renovação;Loja/Agência;Nordeste;Baixa Renda;7
R0085;C0162;2025-03-21;Telecom;Connecta;Celular Pré-Pago;Renovação;App;Sudeste;Premium;7
R0086;C0695;2025-12-14;Banco;Atlas Bank;Empréstimo;Onboarding;Call Center;Centro-Oeste;PME;4
R0087;C0441;2025-09-12;Seguros;ClasseA;Seguro Vida;Renovação;Call Center;Sudeste;Média Renda;5
R0088;C0321;2025-02-09;Telecom;FibraMax;Internet Fixa;Atendimento;Atendimento Humano;Sul;Premium;9
R0089;C0250;2025-02-24;Seguros;SeguroDireto;Seguro Vida;Atendimento;Loja/Agência;Centro-Oeste;Alta Renda;6
R0090;C0199;2025-09-19;Seguros;SeguroDireto;Seguro Vida;Atendimento;Atendimento Humano;Sudeste;PME;3
R0091;C0594;2025-10-16;Varejo;LojaFácil;Loja Física;Renovação;Loja/Agência;Sul;Média Renda;8
R0092;C0058;2025-10-30;Seguros;VidaSul;Seguro Vida;Reclamação;Loja/Agência;Norte;Alta Renda;8
R0093;C0043;2025-10-11;Varejo;LojaFácil;Entrega;Onboarding;Call Center;Centro-Oeste;PME;8
R0094;C0517;2025-02-13;Seguros;VidaSul;Seguro Vida;Renovação;Website;Nordeste;Premium;8
R0095;C0343;2025-11-28;Telecom;FibraMax;Internet Fixa;Uso do App/Site;Loja/Agência;Centro-Oeste;PME;5
R0096;C0359;2025-03-14;Banco;TradBank;Cartão de Crédito;Onboarding;Atendimento Humano;Centro-Oeste;Alta Renda;4
R0097;C0096;2025-09-27;Varejo;SuperPrime;Entrega;Renovação;Loja/Agência;Centro-Oeste;Média Renda;3
R0098;C0104;2025-06-01;Seguros;SeguroDireto;Seguro Vida;Pagamento;App;Nordeste;Alta Renda;4
R0099;C0455;2025-05-02;Banco;Atlas Bank;Empréstimo;Pagamento;Atendimento Humano;Sul;Premium;6
R0100;C0473;2025-08-14;Varejo;SuperPrime;Entrega;Cancelamento;Chatbot;Sul;Premium;8
R0101;C0128;2025-09-22;Varejo;SuperPrime;Loja Física;Reclamação;Atendimento Humano;Centro-Oeste;Média Renda;8
R0102;C0425;2025-01-14;Varejo;SuperPrime;Compra Online;Cancelamento;Website;Nordeste;PME;4
R0103;C0143;2025-08-30;Banco;Atlas Bank;Cartão de Crédito;Reclamação;Call Center;Sul;PME;8
R0104;C0309;2025-05-02;Seguros;ClasseA;Seguro Residencial;Reclamação;App;Sudeste;Baixa Renda;4
R0105;C0362;2025-11-11;Banco;ContaMais;Conta Corrente;Uso do App/Site;Chatbot;Norte;PME;10
R0106;C0045;2025-08-29;Telecom;MobileNow;Celular Pré-Pago;Atendimento;Website;Sudeste;Premium;6
R0107;C0659;2025-06-23;Seguros;Protege+;Seguro Residencial;Pagamento;Loja/Agência;Sudeste;Alta Renda;7
R0108;C0324;2025-01-22;Telecom;FibraMax;Celular Pré-Pago;Atendimento;Loja/Agência;Centro-Oeste;Média Renda;5
R0109;C0451;2025-07-24;Varejo;SuperPrime;Entrega;Atendimento;Atendimento Humano;Centro-Oeste;Alta Renda;9
R0110;C0559;2025-04-03;Seguros;Protege+;Seguro Residencial;Uso do App/Site;Chatbot;Centro-Oeste;Alta Renda;5
R0111;C0282;2025-08-11;Varejo;SuperPrime;Loja Física;Onboarding;App;Nordeste;Alta Renda;6
R0112;C0130;2025-01-18;Banco;Atlas Bank;Conta Corrente;Renovação;Loja/Agência;Centro-Oeste;Alta Renda;8
R0113;C0408;2025-07-07;Banco;TradBank;Conta Corrente;Cancelamento;Loja/Agência;Nordeste;Alta Renda;3
R0114;C0627;2025-04-20;Varejo;CompreJá;Entrega;Pagamento;Website;Sudeste;Baixa Renda;8
R0115;C0067;2025-12-30;Varejo;SuperPrime;Entrega;Atendimento;Website;Sudeste;Média Renda;8
R0116;C0378;2025-10-21;Varejo;SuperPrime;Loja Física;Cancelamento;Website;Sul;Alta Renda;3
R0117;C0478;2025-08-19;Seguros;VidaSul;Seguro Vida;Uso do App/Site;Atendimento Humano;Sudeste;Baixa Renda;4
R0118;C0166;2025-03-26;Varejo;LojaFácil;Compra Online;Cancelamento;Atendimento Humano;Norte;Média Renda;5
R0119;C0595;2025-10-31;Varejo;CompreJá;Entrega;Uso do App/Site;Call Center;Norte;Alta Renda;7
R0120;C0667;2025-05-16;Telecom;Connecta;Internet Fixa;Renovação;Atendimento Humano;Norte;Alta Renda;9
R0121;C0162;2025-01-31;Telecom;LegacyTel;Celular Pré-Pago;Atendimento;Atendimento Humano;Sudeste;PME;8
R0122;C0528;2025-07-09;Seguros;VidaSul;Seguro Residencial;Atendimento;Chatbot;Sul;Alta Renda;4
R0123;C0321;2025-10-23;Banco;ContaMais;Cartão de Crédito;Uso do App/Site;Chatbot;Sudeste;Alta Renda;6
R0124;C0050;2025-06-30;Telecom;LegacyTel;Internet Fixa;Atendimento;Atendimento Humano;Centro-Oeste;PME;8
R0125;C0200;2025-10-15;Banco;Atlas Bank;Cartão de Crédito;Atendimento;Atendimento Humano;Centro-Oeste;Alta Renda;3
R0126;C0383;2025-07-21;Varejo;LojaFácil;Entrega;Pagamento;App;Centro-Oeste;Premium;5
R0127;C0336;2025-03-13;Varejo;CompreJá;Entrega;Pagamento;Website;Sul;Premium;4
R0128;C0113;2025-12-11;Varejo;CompreJá;Compra Online;Atendimento;Atendimento Humano;Nordeste;Premium;7
R0129;C0390;2025-11-14;Seguros;SeguroDireto;Seguro Vida;Pagamento;Loja/Agência;Sudeste;Premium;2
R0130;C0064;2025-08-30;Telecom;Connecta;Celular Pré-Pago;Uso do App/Site;App;Norte;Baixa Renda;4
R0131;C0271;2025-12-21;Telecom;Connecta;Celular Pré-Pago;Uso do App/Site;Atendimento Humano;Nordeste;PME;5
R0132;C0358;2025-09-03;Seguros;ClasseA;Seguro Auto;Uso do App/Site;Call Center;Norte;Alta Renda;10
R0133;C0672;2025-08-15;Varejo;MercadoBom;Loja Física;Onboarding;Atendimento Humano;Norte;PME;9
R0134;C0544;2025-12-09;Varejo;MercadoBom;Entrega;Atendimento;Website;Sul;Premium;8
R0135;C0489;2025-09-01;Telecom;MobileNow;Celular Pré-Pago;Uso do App/Site;App;Sudeste;PME;6
R0136;C0038;2025-04-01;Telecom;LegacyTel;Celular Pós-Pago;Pagamento;Call Center;Sudeste;Baixa Renda;5
R0137;C0517;2025-03-10;Seguros;Protege+;Seguro Residencial;Uso do App/Site;Loja/Agência;Nordeste;Baixa Renda;9
R0138;C0180;2025-04-09;Seguros;VidaSul;Seguro Residencial;Uso do App/Site;App;Nordeste;Média Renda;7
R0139;C0310;2025-06-18;Seguros;Protege+;Seguro Residencial;Reclamação;Call Center;Sudeste;PME;5
R0140;C0121;2025-12-20;Banco;Nexa Bank;Cartão de Crédito;Renovação;Call Center;Sul;Baixa Renda;8
R0141;C0697;2025-05-07;Varejo;SuperPrime;Loja Física;Reclamação;Website;Sul;Média Renda;4
R0142;C0533;2025-06-17;Banco;TradBank;Empréstimo;Atendimento;Atendimento Humano;Nordeste;Baixa Renda;4
R0143;C0023;2025-06-07;Seguros;VidaSul;Seguro Auto;Renovação;Website;Norte;PME;9
R0144;C0033;2025-08-30;Seguros;Protege+;Seguro Residencial;Cancelamento;App;Sul;Premium;7
R0145;C0122;2025-06-28;Varejo;SuperPrime;Loja Física;Uso do App/Site;Website;Centro-Oeste;Alta Renda;9
R0146;C0254;2025-04-28;Telecom;FibraMax;Celular Pré-Pago;Atendimento;Atendimento Humano;Sul;Média Renda;5
R0147;C0689;2025-11-03;Seguros;VidaSul;Seguro Residencial;Uso do App/Site;Call Center;Sul;Baixa Renda;9
R0148;C0327;2025-10-22;Banco;Atlas Bank;Conta Corrente;Renovação;App;Centro-Oeste;PME;7
R0149;C0659;2025-06-26;Varejo;CompreJá;Compra Online;Pagamento;Website;Norte;Média Renda;5
R0150;C0475;2025-03-15;Seguros;Protege+;Seguro Vida;Pagamento;Loja/Agência;Centro-Oeste;PME;10
R0151;C0275;2025-01-27;Banco;Atlas Bank;Empréstimo;Atendimento;Chatbot;Norte;Premium;7
R0152;C0217;2025-01-08;Seguros;Protege+;Seguro Vida;Reclamação;Atendimento Humano;Sudeste;Baixa Renda;5
R0153;C0369;2025-05-14;Telecom;LegacyTel;Celular Pré-Pago;Onboarding;Loja/Agência;Centro-Oeste;Média Renda;5
R0154;C0599;2025-10-11;Seguros;ClasseA;Seguro Residencial;Onboarding;Loja/Agência;Centro-Oeste;Alta Renda;9
R0155;C0472;2025-09-09;Seguros;SeguroDireto;Seguro Residencial;Uso do App/Site;Website;Nordeste;Média Renda;4
R0156;C0685;2025-02-08;Telecom;FibraMax;Celular Pré-Pago;Cancelamento;Call Center;Sul;Média Renda;10
R0157;C0007;2025-01-09;Banco;Atlas Bank;Conta Corrente;Atendimento;Website;Sul;Baixa Renda;6
R0158;C0537;2025-02-19;Seguros;SeguroDireto;Seguro Auto;Onboarding;Atendimento Humano;Nordeste;Premium;5
R0159;C0670;2025-02-11;Telecom;Connecta;Internet Fixa;Uso do App/Site;Atendimento Humano;Norte;Alta Renda;7
R0160;C0098;2025-10-17;Banco;Atlas Bank;Conta Corrente;Atendimento;Chatbot;Centro-Oeste;Premium;4
R0161;C0602;2025-04-17;Banco;Atlas Bank;Conta Corrente;Uso do App/Site;Loja/Agência;Norte;PME;6
R0162;C0081;2025-03-13;Telecom;Connecta;Celular Pré-Pago;Cancelamento;Chatbot;Sudeste;Alta Renda;4
R0163;C0567;2025-07-02;Varejo;LojaFácil;Compra Online;Onboarding;Chatbot;Sul;Baixa Renda;4
R0164;C0158;2025-11-21;Seguros;Protege+;Seguro Residencial;Uso do App/Site;Loja/Agência;Norte;PME;7
R0165;C0092;2025-01-14;Seguros;Protege+;Seguro Residencial;Pagamento;App;Sudeste;Baixa Renda;9
R0166;C0586;2025-05-05;Varejo;LojaFácil;Entrega;Onboarding;Atendimento Humano;Norte;Alta Renda;8
R0167;C0508;2025-11-17;Telecom;FibraMax;Celular Pré-Pago;Atendimento;Website;Sul;Alta Renda;6
R0168;C0609;2025-11-30;Telecom;LegacyTel;Celular Pós-Pago;Onboarding;Website;Nordeste;Baixa Renda;6
R0169;C0403;2025-05-24;Telecom;Connecta;Celular Pós-Pago;Pagamento;Atendimento Humano;Sul;PME;5
R0170;C0071;2025-05-30;Varejo;LojaFácil;Compra Online;Reclamação;Website;Norte;Premium;6
R0171;C0429;2025-12-21;Seguros;SeguroDireto;Seguro Vida;Atendimento;Website;Nordeste;Média Renda;6
R0172;C0663;2025-12-13;Banco;Atlas Bank;Cartão de Crédito;Renovação;Atendimento Humano;Norte;Baixa Renda;5
R0173;C0513;2025-10-29;Seguros;Protege+;Seguro Residencial;Cancelamento;Chatbot;Sudeste;Baixa Renda;7
R0174;C0534;2025-04-16;Telecom;Connecta;Celular Pós-Pago;Onboarding;Chatbot;Sudeste;Alta Renda;8
R0175;C0529;2025-05-05;Seguros;ClasseA;Seguro Residencial;Atendimento;App;Centro-Oeste;PME;6
R0176;C0203;2025-11-11;Telecom;FibraMax;Celular Pré-Pago;Uso do App/Site;Call Center;Norte;PME;5
R0177;C0269;2025-02-28;Seguros;VidaSul;Seguro Vida;Atendimento;Chatbot;Sudeste;Média Renda;7
R0178;C0630;2025-06-02;Seguros;ClasseA;Seguro Vida;Renovação;Call Center;Norte;PME;6
R0179;C0661;2025-10-03;Banco;TradBank;Empréstimo;Uso do App/Site;Call Center;Sudeste;Média Renda;6
R0180;C0576;2025-07-16;Telecom;FibraMax;Celular Pré-Pago;Uso do App/Site;Chatbot;Nordeste;Média Renda;8
R0181;C0508;2025-10-17;Seguros;ClasseA;Seguro Residencial;Renovação;Chatbot;Centro-Oeste;PME;6
R0182;C0254;2025-12-01;Banco;ContaMais;Empréstimo;Onboarding;Call Center;Norte;Alta Renda;9
R0183;C0170;2025-08-08;Varejo;SuperPrime;Compra Online;Atendimento;Call Center;Nordeste;Baixa Renda;1
R0184;C0696;2025-09-21;Telecom;Connecta;Internet Fixa;Cancelamento;Website;Sudeste;Premium;5
R0185;C0592;2025-03-14;Banco;ContaMais;Conta Corrente;Cancelamento;Chatbot;Sudeste;Alta Renda;6
R0186;C0336;2025-09-07;Varejo;MercadoBom;Entrega;Atendimento;Chatbot;Centro-Oeste;Baixa Renda;4
R0187;C0134;2025-10-23;Banco;Nexa Bank;Empréstimo;Onboarding;Loja/Agência;Centro-Oeste;Alta Renda;10
R0188;C0208;2025-08-08;Seguros;ClasseA;Seguro Residencial;Renovação;App;Sudeste;Baixa Renda;7
R0189;C0672;2025-08-08;Telecom;Connecta;Celular Pré-Pago;Pagamento;Website;Nordeste;Baixa Renda;6
R0190;C0136;2025-08-05;Banco;TradBank;Empréstimo;Onboarding;App;Sul;PME;7
R0191;C0577;2025-09-29;Seguros;ClasseA;Seguro Auto;Uso do App/Site;Chatbot;Sudeste;Baixa Renda;8
R0192;C0144;2025-02-21;Banco;Nexa Bank;Empréstimo;Renovação;Website;Centro-Oeste;Alta Renda;5
R0193;C0309;2025-12-04;Banco;ContaMais;Empréstimo;Renovação;Chatbot;Nordeste;PME;6
R0194;C0609;2025-11-23;Telecom;LegacyTel;Celular Pré-Pago;Reclamação;Atendimento Humano;Sul;PME;4
R0195;C0015;2025-02-04;Banco;TradBank;Empréstimo;Onboarding;Call Center;Nordeste;Média Renda;3
R0196;C0157;2025-11-12;Varejo;MercadoBom;Compra Online;Onboarding;App;Centro-Oeste;Premium;9
R0197;C0060;2025-05-03;Varejo;MercadoBom;Compra Online;Pagamento;App;Norte;Média Renda;8
R0198;C0168;2025-01-06;Telecom;MobileNow;Internet Fixa;Atendimento;App;Centro-Oeste;Premium;5
R0199;C0270;2025-02-02;Seguros;ClasseA;Seguro Residencial;Reclamação;Atendimento Humano;Nordeste;Média Renda;4
R0200;C0234;2025-03-01;Banco;TradBank;Cartão de Crédito;Atendimento;Atendimento Humano;Nordeste;Baixa Renda;5
R0201;C0330;2025-04-25;Banco;Nexa Bank;Conta Corrente;Cancelamento;App;Sul;Baixa Renda;4
R0202;C0071;2025-07-25;Telecom;MobileNow;Celular Pós-Pago;Renovação;Call Center;Nordeste;Baixa Renda;5
R0203;C0560;2025-04-11;Seguros;VidaSul;Seguro Residencial;Cancelamento;Call Center;Nordeste;Baixa Renda;5
R0204;C0107;2025-06-07;Telecom;MobileNow;Internet Fixa;Onboarding;Chatbot;Sudeste;Média Renda;5
R0205;C0595;2025-02-13;Telecom;LegacyTel;Celular Pré-Pago;Uso do App/Site;Chatbot;Centro-Oeste;Baixa Renda;6
R0206;C0335;2025-07-21;Banco;ContaMais;Empréstimo;Uso do App/Site;Loja/Agência;Centro-Oeste;Baixa Renda;5
R0207;C0463;2025-04-17;Varejo;CompreJá;Loja Física;Pagamento;Website;Sudeste;Média Renda;8
R0208;C0255;2025-12-31;Varejo;SuperPrime;Loja Física;Pagamento;App;Sudeste;Média Renda;8
R0209;C0125;2025-03-13;Varejo;LojaFácil;Loja Física;Reclamação;App;Nordeste;Alta Renda;6
R0210;C0023;2025-02-08;Banco;Nexa Bank;Conta Corrente;Cancelamento;Website;Sul;Média Renda;6
R0211;C0392;2025-01-16;Banco;TradBank;Conta Corrente;Renovação;Chatbot;Sul;Baixa Renda;8
R0212;C0491;2025-10-09;Seguros;SeguroDireto;Seguro Auto;Pagamento;Website;Sul;Alta Renda;9
R0213;C0497;2025-10-06;Banco;Atlas Bank;Conta Corrente;Pagamento;Chatbot;Sul;PME;8
R0214;C0543;2025-08-30;Varejo;LojaFácil;Entrega;Reclamação;Call Center;Centro-Oeste;Alta Renda;0
R0215;C0181;2025-03-30;Varejo;LojaFácil;Entrega;Uso do App/Site;Website;Sudeste;Média Renda;6
R0216;C0556;2025-09-10;Telecom;MobileNow;Celular Pré-Pago;Pagamento;Loja/Agência;Nordeste;Premium;7
R0217;C0061;2025-06-15;Varejo;SuperPrime;Compra Online;Atendimento;App;Sudeste;Baixa Renda;7
R0218;C0310;2025-06-22;Banco;Nexa Bank;Conta Corrente;Reclamação;Loja/Agência;Sul;Baixa Renda;7
R0219;C0315;2025-07-13;Varejo;CompreJá;Compra Online;Uso do App/Site;Loja/Agência;Centro-Oeste;PME;6
R0220;C0107;2025-10-17;Varejo;SuperPrime;Compra Online;Uso do App/Site;Loja/Agência;Sudeste;Premium;6
R0221;C0215;2025-05-16;Seguros;ClasseA;Seguro Auto;Pagamento;Loja/Agência;Sudeste;Média Renda;6
R0222;C0360;2025-07-13;Telecom;MobileNow;Celular Pré-Pago;Onboarding;Call Center;Nordeste;Baixa Renda;4
R0223;C0077;2025-03-24;Seguros;Protege+;Seguro Auto;Cancelamento;Chatbot;Norte;Média Renda;6
R0224;C0420;2025-04-08;Banco;TradBank;Cartão de Crédito;Reclamação;Atendimento Humano;Centro-Oeste;Baixa Renda;5
R0225;C0205;2025-09-03;Varejo;MercadoBom;Entrega;Pagamento;Call Center;Sul;Baixa Renda;9
R0226;C0397;2025-10-06;Banco;ContaMais;Conta Corrente;Uso do App/Site;Website;Nordeste;Baixa Renda;8
R0227;C0555;2025-06-26;Telecom;FibraMax;Celular Pós-Pago;Atendimento;Call Center;Sul;PME;9
R0228;C0405;2025-02-10;Seguros;SeguroDireto;Seguro Vida;Uso do App/Site;Atendimento Humano;Sudeste;PME;9
R0229;C0446;2025-12-16;Banco;Atlas Bank;Empréstimo;Reclamação;Atendimento Humano;Norte;Premium;9
R0230;C0470;2025-09-24;Telecom;LegacyTel;Celular Pré-Pago;Uso do App/Site;Atendimento Humano;Nordeste;Alta Renda;7
R0231;C0353;2025-10-02;Banco;Nexa Bank;Empréstimo;Reclamação;Atendimento Humano;Norte;PME;8
R0232;C0340;2025-07-22;Seguros;SeguroDireto;Seguro Residencial;Atendimento;Loja/Agência;Centro-Oeste;Premium;7
R0233;C0329;2025-08-15;Telecom;MobileNow;Internet Fixa;Renovação;Chatbot;Nordeste;Alta Renda;10
R0234;C0163;2025-09-21;Varejo;MercadoBom;Entrega;Atendimento;Atendimento Humano;Sudeste;Média Renda;6
R0235;C0204;2025-07-04;Banco;TradBank;Cartão de Crédito;Renovação;Atendimento Humano;Centro-Oeste;Média Renda;6
R0236;C0601;2025-08-31;Varejo;MercadoBom;Loja Física;Cancelamento;Chatbot;Norte;PME;6
R0237;C0526;2025-07-29;Varejo;LojaFácil;Loja Física;Uso do App/Site;Call Center;Sudeste;Alta Renda;7
R0238;C0386;2025-08-05;Banco;Nexa Bank;Empréstimo;Onboarding;Chatbot;Sul;Média Renda;9
R0239;C0624;2025-11-01;Varejo;LojaFácil;Loja Física;Pagamento;Website;Centro-Oeste;Alta Renda;5
R0240;C0530;2025-03-18;Varejo;SuperPrime;Loja Física;Renovação;App;Centro-Oeste;Baixa Renda;3
R0241;C0195;2025-10-20;Telecom;MobileNow;Internet Fixa;Cancelamento;Atendimento Humano;Centro-Oeste;Alta Renda;5
R0242;C0483;2025-02-19;Varejo;CompreJá;Entrega;Renovação;Website;Norte;PME;7
R0243;C0302;2025-10-27;Telecom;Connecta;Celular Pré-Pago;Pagamento;Loja/Agência;Norte;Média Renda;10
R0244;C0056;2025-07-31;Seguros;VidaSul;Seguro Auto;Atendimento;App;Norte;Premium;6
R0245;C0005;2025-01-30;Telecom;Connecta;Internet Fixa;Uso do App/Site;Call Center;Centro-Oeste;Premium;10
R0246;C0393;2025-09-02;Seguros;VidaSul;Seguro Residencial;Uso do App/Site;Website;Norte;Média Renda;8
R0247;C0393;2025-02-22;Banco;Nexa Bank;Conta Corrente;Reclamação;Website;Nordeste;Baixa Renda;9
R0248;C0368;2025-09-08;Varejo;SuperPrime;Compra Online;Onboarding;App;Nordeste;Alta Renda;6
R0249;C0262;2025-11-24;Telecom;LegacyTel;Internet Fixa;Cancelamento;Chatbot;Sudeste;Média Renda;5
R0250;C0646;2025-12-22;Banco;Atlas Bank;Empréstimo;Onboarding;Loja/Agência;Sudeste;Baixa Renda;9
R0251;C0204;2025-09-12;Banco;Nexa Bank;Cartão de Crédito;Atendimento;Loja/Agência;Sudeste;Premium;7
R0252;C0014;2025-01-02;Telecom;LegacyTel;Celular Pós-Pago;Cancelamento;Atendimento Humano;Sul;Alta Renda;4
R0253;C0103;2025-01-26;Banco;TradBank;Conta Corrente;Cancelamento;Atendimento Humano;Centro-Oeste;Média Renda;8
R0254;C0337;2025-03-29;Telecom;FibraMax;Internet Fixa;Cancelamento;Call Center;Nordeste;Alta Renda;4
R0255;C0116;2025-03-27;Varejo;LojaFácil;Loja Física;Reclamação;Call Center;Sudeste;Alta Renda;6
R0256;C0030;2025-11-10;Telecom;Connecta;Celular Pré-Pago;Renovação;App;Sul;Baixa Renda;9
R0257;C0347;2025-12-09;Telecom;Connecta;Celular Pós-Pago;Atendimento;App;Centro-Oeste;PME;8
R0258;C0161;2025-11-26;Banco;ContaMais;Cartão de Crédito;Renovação;Loja/Agência;Sul;PME;4
R0259;C0459;2025-10-21;Seguros;ClasseA;Seguro Residencial;Cancelamento;Website;Sudeste;PME;6
R0260;C0653;2025-11-13;Banco;TradBank;Cartão de Crédito;Atendimento;Call Center;Sudeste;PME;8
R0261;C0117;2025-08-20;Varejo;SuperPrime;Entrega;Reclamação;Website;Centro-Oeste;Alta Renda;6
R0262;C0144;2025-09-10;Banco;ContaMais;Empréstimo;Uso do App/Site;App;Nordeste;Alta Renda;6
R0263;C0603;2025-12-11;Seguros;SeguroDireto;Seguro Auto;Pagamento;Atendimento Humano;Sul;Média Renda;9
R0264;C0182;2025-09-18;Banco;ContaMais;Cartão de Crédito;Atendimento;Loja/Agência;Norte;Premium;10
R0265;C0302;2025-06-25;Telecom;FibraMax;Celular Pré-Pago;Cancelamento;Website;Sudeste;PME;5
R0266;C0640;2025-04-18;Seguros;VidaSul;Seguro Auto;Uso do App/Site;Chatbot;Norte;Premium;5
R0267;C0547;2025-12-12;Varejo;SuperPrime;Entrega;Pagamento;Loja/Agência;Sul;Média Renda;4
R0268;C0257;2025-12-16;Varejo;SuperPrime;Loja Física;Cancelamento;App;Norte;Baixa Renda;6
R0269;C0295;2025-09-19;Telecom;Connecta;Internet Fixa;Renovação;Call Center;Sul;Premium;10
R0270;C0664;2025-11-21;Banco;Atlas Bank;Cartão de Crédito;Atendimento;Chatbot;Nordeste;Premium;4
R0271;C0439;2025-01-21;Varejo;LojaFácil;Entrega;Reclamação;Loja/Agência;Norte;Média Renda;7
R0272;C0631;2025-11-17;Varejo;MercadoBom;Entrega;Pagamento;Website;Sul;Premium;9
R0273;C0358;2025-02-17;Varejo;SuperPrime;Loja Física;Cancelamento;Atendimento Humano;Norte;Alta Renda;9
R0274;C0118;2025-01-05;Telecom;MobileNow;Internet Fixa;Renovação;Call Center;Nordeste;Alta Renda;5
R0275;C0384;2025-09-22;Varejo;LojaFácil;Loja Física;Uso do App/Site;Loja/Agência;Norte;Premium;7
R0276;C0687;2025-04-18;Seguros;VidaSul;Seguro Residencial;Onboarding;Call Center;Sul;Alta Renda;8
R0277;C0039;2025-06-19;Telecom;LegacyTel;Celular Pré-Pago;Atendimento;App;Sul;Premium;8
R0278;C0399;2025-01-09;Banco;TradBank;Conta Corrente;Onboarding;Website;Nordeste;Premium;8
R0279;C0449;2025-05-25;Banco;ContaMais;Empréstimo;Onboarding;Loja/Agência;Norte;Baixa Renda;7
R0280;C0306;2025-03-15;Seguros;Protege+;Seguro Residencial;Cancelamento;Loja/Agência;Sudeste;PME;8
R0281;C0662;2025-07-31;Varejo;LojaFácil;Compra Online;Reclamação;Atendimento Humano;Sul;Baixa Renda;8
R0282;C0075;2025-10-09;Telecom;Connecta;Internet Fixa;Uso do App/Site;Website;Norte;Alta Renda;10
R0283;C0337;2025-08-19;Varejo;SuperPrime;Entrega;Onboarding;Call Center;Sudeste;Média Renda;7
R0284;C0447;2025-11-25;Varejo;SuperPrime;Entrega;Reclamação;Website;Norte;Premium;8
R0285;C0270;2025-04-11;Varejo;MercadoBom;Loja Física;Uso do App/Site;Loja/Agência;Nordeste;PME;5
R0286;C0484;2025-10-04;Banco;TradBank;Empréstimo;Onboarding;App;Norte;Baixa Renda;4
R0287;C0144;2025-09-21;Telecom;Connecta;Celular Pós-Pago;Atendimento;Website;Norte;Alta Renda;8
R0288;C0044;2025-04-30;Seguros;VidaSul;Seguro Auto;Uso do App/Site;Atendimento Humano;Norte;Média Renda;10
R0289;C0593;2025-05-15;Telecom;LegacyTel;Celular Pré-Pago;Cancelamento;Call Center;Centro-Oeste;PME;8
R0290;C0499;2025-06-26;Telecom;FibraMax;Celular Pós-Pago;Renovação;Chatbot;Nordeste;Premium;7
R0291;C0339;2025-08-01;Seguros;ClasseA;Seguro Vida;Onboarding;Atendimento Humano;Sul;PME;8
R0292;C0525;2025-11-19;Banco;ContaMais;Cartão de Crédito;Renovação;Chatbot;Centro-Oeste;Média Renda;9
R0293;C0460;2025-04-21;Banco;Atlas Bank;Empréstimo;Uso do App/Site;App;Sul;Alta Renda;9
R0294;C0465;2025-06-25;Seguros;ClasseA;Seguro Residencial;Uso do App/Site;Website;Centro-Oeste;Premium;6
R0295;C0516;2025-09-30;Banco;TradBank;Conta Corrente;Atendimento;Chatbot;Sul;Baixa Renda;8
R0296;C0543;2025-01-23;Banco;ContaMais;Conta Corrente;Atendimento;Loja/Agência;Sul;Premium;6
R0297;C0291;2025-02-12;Seguros;SeguroDireto;Seguro Auto;Cancelamento;Chatbot;Centro-Oeste;Alta Renda;2
R0298;C0437;2025-03-21;Seguros;SeguroDireto;Seguro Residencial;Uso do App/Site;App;Sudeste;Premium;9
R0299;C0260;2025-09-05;Varejo;MercadoBom;Loja Física;Cancelamento;Atendimento Humano;Centro-Oeste;Premium;6
R0300;C0411;2025-09-18;Varejo;SuperPrime;Entrega;Pagamento;Loja/Agência;Centro-Oeste;Média Renda;5
R0301;C0624;2025-02-10;Varejo;CompreJá;Entrega;Reclamação;Loja/Agência;Sudeste;Média Renda;3
R0302;C0673;2025-04-14;Banco;Atlas Bank;Empréstimo;Atendimento;Chatbot;Norte;Premium;6
R0303;C0686;2025-06-30;Varejo;SuperPrime;Compra Online;Onboarding;Atendimento Humano;Norte;Premium;7
R0304;C0232;2025-05-22;Seguros;Protege+;Seguro Residencial;Reclamação;Website;Norte;Baixa Renda;6
R0305;C0257;2025-10-22;Telecom;LegacyTel;Celular Pós-Pago;Atendimento;Atendimento Humano;Sudeste;Alta Renda;7
R0306;C0649;2025-07-15;Seguros;VidaSul;Seguro Residencial;Reclamação;Chatbot;Sul;Alta Renda;7
R0307;C0488;2025-04-02;Telecom;MobileNow;Celular Pré-Pago;Renovação;Website;Nordeste;PME;9
R0308;C0212;2025-05-16;Varejo;CompreJá;Loja Física;Uso do App/Site;Atendimento Humano;Nordeste;Média Renda;8
R0309;C0381;2025-09-04;Telecom;MobileNow;Internet Fixa;Cancelamento;Website;Norte;Alta Renda;6
R0310;C0490;2025-08-05;Varejo;CompreJá;Loja Física;Reclamação;Call Center;Centro-Oeste;Média Renda;3
R0311;C0192;2025-05-13;Banco;Atlas Bank;Empréstimo;Pagamento;Chatbot;Sul;PME;9
R0312;C0586;2025-04-03;Varejo;MercadoBom;Compra Online;Pagamento;Chatbot;Norte;Alta Renda;9
R0313;C0138;2025-09-13;Telecom;Connecta;Celular Pré-Pago;Renovação;Website;Sudeste;Alta Renda;7
R0314;C0267;2025-06-21;Varejo;CompreJá;Loja Física;Pagamento;Call Center;Norte;Premium;4
R0315;C0364;2025-05-26;Varejo;LojaFácil;Loja Física;Reclamação;Atendimento Humano;Nordeste;Alta Renda;7
R0316;C0586;2025-11-10;Varejo;CompreJá;Entrega;Reclamação;Chatbot;Centro-Oeste;Baixa Renda;4
R0317;C0462;2025-09-24;Seguros;Protege+;Seguro Auto;Onboarding;Website;Nordeste;Média Renda;6
R0318;C0562;2025-08-31;Seguros;SeguroDireto;Seguro Auto;Uso do App/Site;App;Sul;Média Renda;4
R0319;C0540;2025-03-09;Banco;Atlas Bank;Conta Corrente;Cancelamento;Chatbot;Norte;Baixa Renda;7
R0320;C0553;2025-12-24;Telecom;FibraMax;Internet Fixa;Onboarding;Loja/Agência;Nordeste;Alta Renda;10
R0321;C0311;2025-03-21;Telecom;FibraMax;Celular Pré-Pago;Reclamação;Chatbot;Norte;PME;3
R0322;C0612;2025-05-30;Banco;Nexa Bank;Conta Corrente;Reclamação;Website;Nordeste;Alta Renda;5
R0323;C0530;2025-05-03;Telecom;MobileNow;Internet Fixa;Reclamação;Call Center;Sul;PME;7
R0324;C0638;2025-12-25;Varejo;MercadoBom;Loja Física;Renovação;Loja/Agência;Norte;Alta Renda;6
R0325;C0223;2025-09-10;Seguros;ClasseA;Seguro Auto;Pagamento;App;Sul;Baixa Renda;7
R0326;C0557;2025-02-06;Varejo;CompreJá;Loja Física;Pagamento;Chatbot;Nordeste;PME;6
R0327;C0534;2025-02-18;Seguros;ClasseA;Seguro Auto;Uso do App/Site;Call Center;Centro-Oeste;Baixa Renda;9
R0328;C0370;2025-04-12;Telecom;LegacyTel;Celular Pós-Pago;Atendimento;Loja/Agência;Nordeste;Alta Renda;5
R0329;C0159;2025-11-02;Banco;Atlas Bank;Empréstimo;Uso do App/Site;App;Sul;PME;6
R0330;C0550;2025-12-26;Varejo;LojaFácil;Compra Online;Uso do App/Site;Website;Centro-Oeste;Baixa Renda;7
R0331;C0497;2025-01-21;Banco;ContaMais;Conta Corrente;Atendimento;Website;Nordeste;Premium;8
R0332;C0165;2025-10-11;Seguros;VidaSul;Seguro Vida;Pagamento;Atendimento Humano;Centro-Oeste;Média Renda;5
R0333;C0329;2025-05-03;Banco;TradBank;Empréstimo;Uso do App/Site;Chatbot;Nordeste;Alta Renda;4
R0334;C0675;2025-09-25;Banco;TradBank;Empréstimo;Reclamação;Chatbot;Sul;Premium;3
R0335;C0376;2025-01-26;Banco;TradBank;Conta Corrente;Cancelamento;Website;Sul;Baixa Renda;5
R0336;C0378;2025-08-01;Telecom;MobileNow;Celular Pré-Pago;Renovação;App;Sudeste;Média Renda;5
R0337;C0584;2025-05-08;Banco;Atlas Bank;Empréstimo;Pagamento;Atendimento Humano;Sudeste;Baixa Renda;7
R0338;C0564;2025-04-03;Telecom;FibraMax;Celular Pré-Pago;Renovação;Atendimento Humano;Centro-Oeste;Baixa Renda;9
R0339;C0624;2025-06-15;Seguros;Protege+;Seguro Vida;Pagamento;Loja/Agência;Sul;Premium;9
R0340;C0611;2025-05-26;Telecom;MobileNow;Celular Pré-Pago;Reclamação;Website;Centro-Oeste;Premium;8
R0341;C0159;2025-10-20;Banco;Nexa Bank;Empréstimo;Uso do App/Site;Call Center;Sudeste;Alta Renda;9
R0342;C0080;2025-04-22;Banco;ContaMais;Conta Corrente;Atendimento;Call Center;Sul;Média Renda;3
R0343;C0427;2025-08-11;Varejo;CompreJá;Loja Física;Uso do App/Site;Chatbot;Norte;Baixa Renda;5
R0344;C0227;2025-09-15;Banco;ContaMais;Conta Corrente;Renovação;Loja/Agência;Norte;Baixa Renda;8
R0345;C0562;2025-01-26;Telecom;Connecta;Internet Fixa;Renovação;Loja/Agência;Centro-Oeste;PME;6
R0346;C0631;2025-10-15;Seguros;Protege+;Seguro Residencial;Onboarding;Chatbot;Norte;PME;8
R0347;C0174;2025-06-06;Telecom;MobileNow;Internet Fixa;Onboarding;Call Center;Centro-Oeste;Alta Renda;6
R0348;C0056;2025-02-27;Varejo;LojaFácil;Entrega;Cancelamento;Chatbot;Norte;Média Renda;7
R0349;C0495;2025-10-08;Telecom;MobileNow;Celular Pré-Pago;Uso do App/Site;Call Center;Sudeste;Alta Renda;6
R0350;C0477;2025-01-28;Telecom;Connecta;Celular Pré-Pago;Renovação;Loja/Agência;Sudeste;PME;6
R0351;C0612;2025-09-06;Banco;Nexa Bank;Conta Corrente;Atendimento;Loja/Agência;Nordeste;Alta Renda;7
R0352;C0356;2025-01-10;Banco;TradBank;Conta Corrente;Uso do App/Site;Atendimento Humano;Centro-Oeste;Premium;10
R0353;C0403;2025-06-24;Varejo;LojaFácil;Loja Física;Renovação;Call Center;Sul;Premium;7
R0354;C0460;2025-06-18;Telecom;Connecta;Internet Fixa;Renovação;Chatbot;Norte;Premium;6
R0355;C0162;2025-10-17;Telecom;Connecta;Internet Fixa;Renovação;Website;Norte;Premium;6
R0356;C0454;2025-06-05;Varejo;CompreJá;Compra Online;Reclamação;Atendimento Humano;Sudeste;Média Renda;5
R0357;C0489;2025-02-10;Varejo;MercadoBom;Compra Online;Cancelamento;Website;Sudeste;Média Renda;7
R0358;C0277;2025-01-08;Telecom;Connecta;Celular Pré-Pago;Cancelamento;Atendimento Humano;Centro-Oeste;Alta Renda;7
R0359;C0623;2025-01-22;Seguros;SeguroDireto;Seguro Auto;Renovação;Loja/Agência;Sul;Média Renda;10
R0360;C0252;2025-01-22;Seguros;Protege+;Seguro Vida;Pagamento;Chatbot;Norte;Premium;9
R0361;C0056;2025-11-10;Seguros;Protege+;Seguro Vida;Onboarding;Atendimento Humano;Centro-Oeste;Premium;8
R0362;C0462;2025-06-15;Telecom;Connecta;Celular Pós-Pago;Cancelamento;Loja/Agência;Centro-Oeste;Baixa Renda;4
R0363;C0088;2025-07-05;Banco;Nexa Bank;Conta Corrente;Atendimento;Atendimento Humano;Sul;PME;9
R0364;C0149;2025-03-25;Seguros;Protege+;Seguro Vida;Cancelamento;Atendimento Humano;Norte;Média Renda;5
R0365;C0510;2025-08-23;Telecom;FibraMax;Celular Pré-Pago;Onboarding;Chatbot;Nordeste;Alta Renda;6
R0366;C0285;2025-10-08;Seguros;ClasseA;Seguro Vida;Cancelamento;App;Norte;PME;6
R0367;C0689;2025-03-24;Telecom;LegacyTel;Internet Fixa;Uso do App/Site;Website;Sudeste;Alta Renda;10
R0368;C0378;2025-06-15;Varejo;SuperPrime;Entrega;Renovação;Loja/Agência;Norte;Premium;7
R0369;C0645;2025-10-20;Seguros;Protege+;Seguro Auto;Cancelamento;Chatbot;Norte;Baixa Renda;5
R0370;C0533;2025-09-12;Banco;TradBank;Cartão de Crédito;Renovação;Loja/Agência;Norte;Alta Renda;5
R0371;C0047;2025-07-31;Seguros;ClasseA;Seguro Residencial;Cancelamento;Website;Norte;Média Renda;5
R0372;C0117;2025-01-04;Varejo;CompreJá;Loja Física;Reclamação;Loja/Agência;Sul;Baixa Renda;8
R0373;C0160;2025-09-04;Varejo;CompreJá;Loja Física;Atendimento;Loja/Agência;Norte;Premium;10
R0374;C0363;2025-06-19;Seguros;VidaSul;Seguro Vida;Pagamento;Chatbot;Centro-Oeste;Baixa Renda;7
R0375;C0033;2025-12-30;Banco;TradBank;Conta Corrente;Pagamento;App;Nordeste;PME;4
R0376;C0455;2025-02-17;Varejo;MercadoBom;Loja Física;Onboarding;Chatbot;Sul;Alta Renda;5
R0377;C0211;2025-03-09;Banco;Nexa Bank;Cartão de Crédito;Reclamação;Website;Sul;Alta Renda;9
R0378;C0534;2025-02-22;Banco;Atlas Bank;Cartão de Crédito;Atendimento;Loja/Agência;Norte;Baixa Renda;4
R0379;C0574;2025-11-15;Varejo;SuperPrime;Compra Online;Reclamação;Call Center;Sul;Alta Renda;6
R0380;C0554;2025-06-23;Banco;ContaMais;Conta Corrente;Reclamação;Call Center;Norte;Alta Renda;7
R0381;C0320;2025-07-02;Seguros;VidaSul;Seguro Auto;Uso do App/Site;App;Centro-Oeste;Baixa Renda;7
R0382;C0318;2025-08-22;Varejo;CompreJá;Compra Online;Renovação;Loja/Agência;Norte;Baixa Renda;4
R0383;C0116;2025-09-01;Seguros;VidaSul;Seguro Residencial;Uso do App/Site;Website;Sul;Premium;7
R0384;C0310;2025-02-06;Varejo;LojaFácil;Loja Física;Atendimento;Website;Nordeste;Alta Renda;5
R0385;C0558;2025-06-25;Seguros;VidaSul;Seguro Residencial;Reclamação;Chatbot;Sul;Premium;6
R0386;C0072;2025-07-27;Telecom;MobileNow;Internet Fixa;Renovação;Loja/Agência;Sudeste;Premium;5
R0387;C0153;2025-12-05;Banco;ContaMais;Empréstimo;Cancelamento;Atendimento Humano;Centro-Oeste;Alta Renda;3
R0388;C0353;2025-08-11;Seguros;VidaSul;Seguro Vida;Pagamento;Chatbot;Norte;Premium;5
R0389;C0032;2025-05-25;Banco;TradBank;Empréstimo;Onboarding;Atendimento Humano;Norte;PME;8
R0390;C0369;2025-07-16;Telecom;MobileNow;Celular Pós-Pago;Renovação;Atendimento Humano;Centro-Oeste;Alta Renda;7
R0391;C0467;2025-08-01;Seguros;SeguroDireto;Seguro Auto;Pagamento;Loja/Agência;Sul;Média Renda;9
R0392;C0514;2025-05-02;Seguros;SeguroDireto;Seguro Vida;Uso do App/Site;Chatbot;Norte;PME;6
R0393;C0477;2025-05-24;Varejo;MercadoBom;Loja Física;Reclamação;Atendimento Humano;Nordeste;Baixa Renda;9
R0394;C0352;2025-01-28;Banco;TradBank;Empréstimo;Reclamação;App;Sul;PME;4
R0395;C0267;2025-10-16;Banco;Nexa Bank;Cartão de Crédito;Atendimento;Atendimento Humano;Centro-Oeste;Premium;7
R0396;C0285;2025-02-09;Banco;Atlas Bank;Empréstimo;Atendimento;Atendimento Humano;Sul;Premium;8
R0397;C0497;2025-05-01;Varejo;MercadoBom;Compra Online;Reclamação;Call Center;Nordeste;Alta Renda;7
R0398;C0677;2025-05-02;Telecom;FibraMax;Celular Pré-Pago;Cancelamento;App;Nordeste;Baixa Renda;7
R0399;C0240;2025-09-30;Seguros;VidaSul;Seguro Vida;Renovação;Website;Sul;Premium;7
R0400;C0700;2025-09-29;Seguros;Protege+;Seguro Vida;Renovação;Chatbot;Centro-Oeste;Alta Renda;8
R0401;C0689;2025-05-04;Banco;Atlas Bank;Conta Corrente;Reclamação;Loja/Agência;Nordeste;PME;4
R0402;C0225;2025-06-29;Telecom;LegacyTel;Celular Pré-Pago;Pagamento;Loja/Agência;Sul;Alta Renda;8
R0403;C0134;2025-11-06;Varejo;SuperPrime;Loja Física;Uso do App/Site;App;Sudeste;Premium;10
R0404;C0438;2025-05-22;Seguros;Protege+;Seguro Vida;Cancelamento;Loja/Agência;Norte;Média Renda;4
R0405;C0661;2025-04-02;Varejo;CompreJá;Loja Física;Uso do App/Site;App;Nordeste;Baixa Renda;5
R0406;C0457;2025-05-09;Seguros;ClasseA;Seguro Auto;Uso do App/Site;Atendimento Humano;Centro-Oeste;Média Renda;8
R0407;C0072;2025-07-26;Banco;Nexa Bank;Cartão de Crédito;Uso do App/Site;Loja/Agência;Sudeste;Baixa Renda;7
R0408;C0093;2025-11-28;Telecom;MobileNow;Internet Fixa;Atendimento;Loja/Agência;Centro-Oeste;Baixa Renda;6
R0409;C0368;2025-11-19;Varejo;LojaFácil;Entrega;Cancelamento;Call Center;Sudeste;PME;6
R0410;C0547;2025-09-13;Seguros;ClasseA;Seguro Auto;Renovação;Chatbot;Sul;Média Renda;5
R0411;C0239;2025-10-24;Seguros;VidaSul;Seguro Auto;Onboarding;Call Center;Sudeste;Alta Renda;7
R0412;C0100;2025-06-07;Banco;TradBank;Conta Corrente;Renovação;Website;Centro-Oeste;Baixa Renda;6
R0413;C0124;2025-06-16;Seguros;VidaSul;Seguro Vida;Uso do App/Site;Atendimento Humano;Sudeste;Baixa Renda;9
R0414;C0250;2025-08-13;Telecom;Connecta;Celular Pós-Pago;Cancelamento;Website;Sudeste;Premium;9
R0415;C0130;2025-09-01;Banco;Atlas Bank;Conta Corrente;Onboarding;Loja/Agência;Norte;PME;7
R0416;C0643;2025-02-15;Telecom;LegacyTel;Internet Fixa;Renovação;Call Center;Norte;PME;7
R0417;C0214;2025-12-04;Varejo;SuperPrime;Loja Física;Atendimento;App;Norte;Média Renda;9
R0418;C0632;2025-06-21;Varejo;MercadoBom;Compra Online;Uso do App/Site;App;Sul;PME;7
R0419;C0334;2025-12-13;Seguros;VidaSul;Seguro Auto;Onboarding;Loja/Agência;Sudeste;Premium;9
R0420;C0149;2025-08-12;Telecom;MobileNow;Internet Fixa;Pagamento;Website;Sudeste;Média Renda;4
R0421;C0477;2025-02-26;Telecom;LegacyTel;Celular Pré-Pago;Atendimento;Website;Centro-Oeste;Alta Renda;8
R0422;C0422;2025-02-14;Seguros;VidaSul;Seguro Residencial;Uso do App/Site;Call Center;Sul;Alta Renda;9
R0423;C0428;2025-01-03;Seguros;ClasseA;Seguro Auto;Reclamação;Chatbot;Centro-Oeste;Alta Renda;8
R0424;C0013;2025-10-13;Banco;Atlas Bank;Conta Corrente;Atendimento;Loja/Agência;Norte;Baixa Renda;10
R0425;C0142;2025-08-26;Seguros;SeguroDireto;Seguro Auto;Uso do App/Site;Call Center;Nordeste;Média Renda;6
R0426;C0628;2025-12-24;Seguros;Protege+;Seguro Auto;Cancelamento;Call Center;Centro-Oeste;Baixa Renda;3
R0427;C0069;2025-10-14;Telecom;LegacyTel;Celular Pré-Pago;Onboarding;Atendimento Humano;Nordeste;Baixa Renda;2
R0428;C0329;2025-04-26;Telecom;LegacyTel;Internet Fixa;Pagamento;Website;Norte;Baixa Renda;6
R0429;C0636;2025-08-20;Varejo;LojaFácil;Loja Física;Reclamação;Loja/Agência;Centro-Oeste;Alta Renda;8
R0430;C0152;2025-12-23;Varejo;LojaFácil;Entrega;Renovação;App;Sul;PME;7
R0431;C0238;2025-01-12;Seguros;ClasseA;Seguro Auto;Cancelamento;Website;Norte;Baixa Renda;5
R0432;C0176;2025-06-06;Varejo;CompreJá;Loja Física;Reclamação;Call Center;Nordeste;PME;6
R0433;C0683;2025-12-21;Varejo;MercadoBom;Compra Online;Atendimento;Call Center;Nordeste;Baixa Renda;7
R0434;C0152;2025-06-26;Telecom;Connecta;Internet Fixa;Uso do App/Site;App;Sudeste;Alta Renda;6
R0435;C0340;2025-09-17;Varejo;LojaFácil;Loja Física;Reclamação;Website;Norte;Alta Renda;6
R0436;C0120;2025-10-10;Varejo;SuperPrime;Loja Física;Pagamento;Atendimento Humano;Sul;Premium;7
R0437;C0457;2025-10-03;Varejo;SuperPrime;Compra Online;Atendimento;Atendimento Humano;Sul;PME;6
R0438;C0396;2025-07-09;Banco;TradBank;Empréstimo;Atendimento;Website;Centro-Oeste;Alta Renda;3
R0439;C0425;2025-08-06;Varejo;LojaFácil;Compra Online;Pagamento;Call Center;Nordeste;Alta Renda;10
R0440;C0007;2025-02-15;Telecom;Connecta;Celular Pré-Pago;Reclamação;App;Sul;Média Renda;6
R0441;C0506;2025-06-05;Seguros;SeguroDireto;Seguro Vida;Pagamento;Chatbot;Sul;Premium;4
R0442;C0661;2025-09-09;Seguros;VidaSul;Seguro Auto;Onboarding;App;Sul;Alta Renda;9
R0443;C0018;2025-10-22;Telecom;MobileNow;Internet Fixa;Onboarding;Call Center;Centro-Oeste;Baixa Renda;5
R0444;C0050;2025-07-02;Varejo;MercadoBom;Compra Online;Reclamação;App;Sul;Alta Renda;2
R0445;C0372;2025-05-19;Varejo;SuperPrime;Loja Física;Reclamação;Loja/Agência;Sudeste;Premium;7
R0446;C0516;2025-03-21;Banco;ContaMais;Empréstimo;Reclamação;Call Center;Sul;Baixa Renda;7
R0447;C0357;2025-09-03;Telecom;MobileNow;Internet Fixa;Cancelamento;Atendimento Humano;Norte;Premium;8
R0448;C0146;2025-12-22;Varejo;SuperPrime;Entrega;Pagamento;Website;Centro-Oeste;Premium;7
R0449;C0608;2025-09-20;Telecom;MobileNow;Celular Pós-Pago;Uso do App/Site;Website;Sul;Baixa Renda;4
R0450;C0687;2025-04-05;Banco;Atlas Bank;Cartão de Crédito;Onboarding;Call Center;Sudeste;Baixa Renda;7
R0451;C0223;2025-09-28;Varejo;LojaFácil;Compra Online;Onboarding;Website;Nordeste;Premium;7
R0452;C0186;2025-02-24;Telecom;LegacyTel;Celular Pós-Pago;Uso do App/Site;Atendimento Humano;Sudeste;Baixa Renda;6
R0453;C0085;2025-01-21;Varejo;LojaFácil;Loja Física;Atendimento;Website;Norte;Média Renda;4
R0454;C0194;2025-08-08;Varejo;CompreJá;Loja Física;Onboarding;Chatbot;Nordeste;PME;6
R0455;C0173;2025-02-22;Banco;TradBank;Cartão de Crédito;Renovação;Call Center;Sul;Baixa Renda;8
R0456;C0608;2025-10-25;Banco;TradBank;Cartão de Crédito;Uso do App/Site;Call Center;Sul;Premium;7
R0457;C0031;2025-03-10;Varejo;MercadoBom;Entrega;Atendimento;Call Center;Centro-Oeste;Premium;10
R0458;C0533;2025-12-05;Banco;ContaMais;Empréstimo;Onboarding;App;Centro-Oeste;Baixa Renda;9
R0459;C0386;2025-06-11;Seguros;ClasseA;Seguro Residencial;Uso do App/Site;Call Center;Centro-Oeste;PME;5
R0460;C0113;2025-09-07;Seguros;VidaSul;Seguro Residencial;Onboarding;App;Sul;Premium;2
R0461;C0329;2025-05-26;Seguros;ClasseA;Seguro Vida;Reclamação;Loja/Agência;Norte;Premium;4
R0462;C0422;2025-07-02;Banco;Atlas Bank;Conta Corrente;Reclamação;App;Sul;Alta Renda;5
R0463;C0433;2025-12-03;Varejo;LojaFácil;Compra Online;Renovação;Website;Sul;Média Renda;5
R0464;C0211;2025-12-12;Seguros;SeguroDireto;Seguro Residencial;Onboarding;Loja/Agência;Centro-Oeste;Premium;7
R0465;C0049;2025-05-16;Varejo;CompreJá;Loja Física;Reclamação;Loja/Agência;Nordeste;Média Renda;4
R0466;C0356;2025-04-18;Varejo;SuperPrime;Entrega;Atendimento;Website;Norte;Baixa Renda;3
R0467;C0529;2025-11-18;Banco;TradBank;Empréstimo;Cancelamento;Call Center;Norte;Alta Renda;3
R0468;C0535;2025-01-31;Telecom;FibraMax;Celular Pré-Pago;Atendimento;Website;Centro-Oeste;Alta Renda;8
R0469;C0662;2025-05-27;Telecom;LegacyTel;Celular Pós-Pago;Atendimento;Website;Sul;Média Renda;6
R0470;C0433;2025-08-12;Telecom;FibraMax;Celular Pós-Pago;Renovação;Atendimento Humano;Sul;PME;6
R0471;C0322;2025-02-12;Banco;Atlas Bank;Conta Corrente;Uso do App/Site;Call Center;Sul;Baixa Renda;6
R0472;C0538;2025-10-25;Varejo;SuperPrime;Compra Online;Atendimento;Call Center;Sudeste;PME;6
R0473;C0220;2025-03-31;Varejo;MercadoBom;Loja Física;Onboarding;Website;Norte;Baixa Renda;7
R0474;C0149;2025-05-23;Varejo;MercadoBom;Loja Física;Atendimento;Call Center;Norte;Baixa Renda;2
R0475;C0394;2025-10-10;Varejo;LojaFácil;Loja Física;Renovação;Call Center;Nordeste;Baixa Renda;4
R0476;C0305;2025-05-01;Varejo;SuperPrime;Entrega;Renovação;Call Center;Sudeste;Premium;8
R0477;C0165;2025-02-21;Telecom;LegacyTel;Internet Fixa;Atendimento;Loja/Agência;Nordeste;PME;6
R0478;C0455;2025-11-19;Varejo;MercadoBom;Entrega;Onboarding;Call Center;Centro-Oeste;Premium;3
R0479;C0463;2025-06-13;Telecom;Connecta;Internet Fixa;Atendimento;Website;Nordeste;Alta Renda;6
R0480;C0230;2025-10-20;Seguros;ClasseA;Seguro Vida;Uso do App/Site;Call Center;Sul;Premium;7
R0481;C0175;2025-07-08;Banco;Nexa Bank;Conta Corrente;Reclamação;Loja/Agência;Norte;Média Renda;10
R0482;C0392;2025-09-11;Banco;ContaMais;Conta Corrente;Renovação;Atendimento Humano;Centro-Oeste;PME;8
R0483;C0255;2025-08-19;Telecom;Connecta;Celular Pós-Pago;Cancelamento;Website;Norte;Média Renda;7
R0484;C0612;2025-08-05;Varejo;LojaFácil;Entrega;Renovação;Loja/Agência;Centro-Oeste;Baixa Renda;8
R0485;C0260;2025-01-03;Varejo;MercadoBom;Compra Online;Onboarding;Atendimento Humano;Sudeste;Baixa Renda;7
R0486;C0092;2025-03-09;Seguros;Protege+;Seguro Residencial;Atendimento;Loja/Agência;Nordeste;Média Renda;6
R0487;C0628;2025-05-15;Varejo;CompreJá;Entrega;Reclamação;Chatbot;Sul;Alta Renda;6
R0488;C0194;2025-01-28;Varejo;MercadoBom;Entrega;Pagamento;Chatbot;Sul;Alta Renda;2
R0489;C0505;2025-08-23;Telecom;Connecta;Internet Fixa;Uso do App/Site;Website;Sudeste;PME;6
R0490;C0600;2025-12-06;Banco;ContaMais;Empréstimo;Cancelamento;Website;Sudeste;Alta Renda;6
R0491;C0605;2025-07-11;Telecom;LegacyTel;Celular Pré-Pago;Onboarding;Atendimento Humano;Norte;Média Renda;6
R0492;C0672;2025-01-23;Banco;ContaMais;Cartão de Crédito;Uso do App/Site;App;Sudeste;PME;8
R0493;C0183;2025-05-11;Seguros;VidaSul;Seguro Residencial;Renovação;Loja/Agência;Norte;Média Renda;7
R0494;C0318;2025-08-10;Telecom;MobileNow;Celular Pós-Pago;Onboarding;App;Sul;Média Renda;9
R0495;C0646;2025-08-11;Telecom;Connecta;Celular Pós-Pago;Renovação;App;Nordeste;Premium;7
R0496;C0480;2025-05-29;Seguros;SeguroDireto;Seguro Auto;Onboarding;Atendimento Humano;Nordeste;PME;8
R0497;C0436;2025-09-19;Seguros;SeguroDireto;Seguro Auto;Cancelamento;Chatbot;Nordeste;Média Renda;8
R0498;C0403;2025-04-04;Seguros;SeguroDireto;Seguro Auto;Atendimento;Loja/Agência;Norte;Alta Renda;5
R0499;C0619;2025-02-10;Banco;Atlas Bank;Conta Corrente;Atendimento;Loja/Agência;Nordeste;Alta Renda;5
R0500;C0499;2025-11-05;Varejo;MercadoBom;Entrega;Onboarding;Chatbot;Norte;Baixa Renda;6
R0501;C0149;2025-11-29;Varejo;SuperPrime;Entrega;Cancelamento;Atendimento Humano;Nordeste;PME;6
R0502;C0497;2025-08-16;Telecom;MobileNow;Celular Pós-Pago;Cancelamento;Loja/Agência;Norte;Média Renda;5
R0503;C0611;2025-10-24;Seguros;ClasseA;Seguro Auto;Cancelamento;Chatbot;Norte;Média Renda;7
R0504;C0433;2025-01-10;Varejo;SuperPrime;Compra Online;Atendimento;Chatbot;Centro-Oeste;Premium;4
R0505;C0520;2025-04-29;Varejo;CompreJá;Entrega;Onboarding;Call Center;Centro-Oeste;PME;8
R0506;C0484;2025-07-04;Telecom;MobileNow;Celular Pré-Pago;Renovação;Call Center;Norte;PME;9
R0507;C0368;2025-01-10;Telecom;FibraMax;Celular Pré-Pago;Uso do App/Site;Call Center;Sudeste;PME;8
R0508;C0364;2025-06-24;Varejo;MercadoBom;Loja Física;Renovação;Website;Sul;Premium;7
R0509;C0105;2025-11-09;Banco;Atlas Bank;Empréstimo;Pagamento;Website;Norte;Premium;6
R0510;C0663;2025-03-20;Banco;Atlas Bank;Empréstimo;Onboarding;Website;Sudeste;Média Renda;6
R0511;C0370;2025-08-01;Varejo;LojaFácil;Loja Física;Cancelamento;Website;Sudeste;Média Renda;4
R0512;C0031;2025-07-05;Telecom;MobileNow;Internet Fixa;Cancelamento;Atendimento Humano;Centro-Oeste;Média Renda;8
R0513;C0060;2025-10-22;Seguros;VidaSul;Seguro Auto;Cancelamento;App;Norte;Baixa Renda;7
R0514;C0414;2025-12-25;Varejo;SuperPrime;Loja Física;Atendimento;Loja/Agência;Norte;Alta Renda;4
R0515;C0130;2025-07-19;Seguros;VidaSul;Seguro Vida;Uso do App/Site;Atendimento Humano;Norte;Premium;6
R0516;C0433;2025-06-05;Varejo;SuperPrime;Compra Online;Onboarding;Atendimento Humano;Norte;Alta Renda;9
R0517;C0580;2025-10-25;Banco;ContaMais;Empréstimo;Onboarding;Call Center;Nordeste;Premium;7
R0518;C0436;2025-03-17;Telecom;MobileNow;Celular Pós-Pago;Pagamento;Call Center;Norte;Média Renda;5
R0519;C0434;2025-11-22;Seguros;SeguroDireto;Seguro Auto;Onboarding;App;Centro-Oeste;Média Renda;5
R0520;C0467;2025-04-19;Seguros;VidaSul;Seguro Vida;Atendimento;Loja/Agência;Centro-Oeste;Média Renda;6
R0521;C0311;2025-07-11;Seguros;ClasseA;Seguro Auto;Renovação;Website;Norte;Alta Renda;8
R0522;C0561;2025-03-04;Varejo;SuperPrime;Loja Física;Onboarding;Website;Sul;Premium;10
R0523;C0472;2025-11-22;Varejo;LojaFácil;Compra Online;Cancelamento;App;Centro-Oeste;PME;3
R0524;C0454;2025-12-10;Seguros;VidaSul;Seguro Vida;Atendimento;Website;Nordeste;Baixa Renda;4
R0525;C0584;2025-01-28;Varejo;MercadoBom;Entrega;Onboarding;Website;Sudeste;Premium;5
R0526;C0622;2025-10-01;Telecom;LegacyTel;Celular Pós-Pago;Reclamação;App;Sudeste;Premium;8
R0527;C0188;2025-03-15;Varejo;CompreJá;Loja Física;Reclamação;App;Centro-Oeste;Baixa Renda;5
R0528;C0332;2025-07-31;Varejo;MercadoBom;Compra Online;Uso do App/Site;Call Center;Centro-Oeste;Média Renda;10
R0529;C0068;2025-07-28;Varejo;MercadoBom;Loja Física;Cancelamento;App;Sudeste;Média Renda;6
R0530;C0457;2025-07-28;Seguros;ClasseA;Seguro Auto;Atendimento;Loja/Agência;Sul;Baixa Renda;6
R0531;C0297;2025-11-14;Banco;TradBank;Empréstimo;Reclamação;Website;Sul;Alta Renda;4
R0532;C0547;2025-03-24;Telecom;FibraMax;Internet Fixa;Onboarding;Chatbot;Nordeste;Premium;7
R0533;C0464;2025-12-29;Banco;TradBank;Cartão de Crédito;Onboarding;Chatbot;Sudeste;Média Renda;5
R0534;C0010;2025-01-03;Varejo;MercadoBom;Compra Online;Renovação;Call Center;Nordeste;Média Renda;3
R0535;C0616;2025-07-12;Telecom;FibraMax;Celular Pós-Pago;Reclamação;Loja/Agência;Centro-Oeste;PME;3
R0536;C0367;2025-12-30;Varejo;LojaFácil;Loja Física;Uso do App/Site;Loja/Agência;Sudeste;Baixa Renda;4
R0537;C0406;2025-11-23;Telecom;LegacyTel;Internet Fixa;Cancelamento;Atendimento Humano;Nordeste;Média Renda;5
R0538;C0131;2025-02-03;Banco;ContaMais;Cartão de Crédito;Reclamação;Atendimento Humano;Centro-Oeste;Média Renda;5
R0539;C0657;2025-08-07;Varejo;MercadoBom;Entrega;Cancelamento;Website;Norte;Alta Renda;7
R0540;C0546;2025-08-04;Banco;Atlas Bank;Cartão de Crédito;Atendimento;Chatbot;Nordeste;Baixa Renda;8
R0541;C0319;2025-06-18;Seguros;VidaSul;Seguro Residencial;Onboarding;Chatbot;Sul;Alta Renda;9
R0542;C0349;2025-05-03;Banco;TradBank;Empréstimo;Renovação;App;Sudeste;PME;6
R0543;C0067;2025-12-22;Banco;Atlas Bank;Cartão de Crédito;Reclamação;Website;Sudeste;Premium;4
R0544;C0421;2025-11-13;Telecom;Connecta;Internet Fixa;Cancelamento;Chatbot;Sudeste;Alta Renda;5
R0545;C0602;2025-06-18;Telecom;MobileNow;Celular Pré-Pago;Cancelamento;Loja/Agência;Norte;Baixa Renda;4
R0546;C0456;2025-11-14;Telecom;LegacyTel;Internet Fixa;Onboarding;App;Norte;Baixa Renda;4
R0547;C0352;2025-11-05;Telecom;FibraMax;Internet Fixa;Uso do App/Site;App;Sudeste;Média Renda;7
R0548;C0207;2025-11-24;Varejo;SuperPrime;Loja Física;Onboarding;Atendimento Humano;Norte;Média Renda;5
R0549;C0508;2025-01-22;Banco;TradBank;Cartão de Crédito;Uso do App/Site;Loja/Agência;Centro-Oeste;PME;5
R0550;C0189;2025-07-24;Telecom;MobileNow;Internet Fixa;Renovação;Website;Sul;PME;7
R0551;C0225;2025-03-31;Banco;Nexa Bank;Cartão de Crédito;Onboarding;App;Nordeste;Baixa Renda;7
R0552;C0114;2025-12-02;Varejo;MercadoBom;Entrega;Uso do App/Site;Call Center;Norte;Média Renda;10
R0553;C0195;2025-03-08;Varejo;CompreJá;Compra Online;Pagamento;Chatbot;Sul;Alta Renda;7
R0554;C0153;2025-05-31;Telecom;LegacyTel;Celular Pré-Pago;Atendimento;Loja/Agência;Nordeste;Alta Renda;3
R0555;C0661;2025-07-18;Varejo;CompreJá;Compra Online;Onboarding;Loja/Agência;Nordeste;Média Renda;9
R0556;C0666;2025-10-26;Varejo;LojaFácil;Loja Física;Reclamação;Chatbot;Sul;Alta Renda;6
R0557;C0456;2025-06-01;Banco;Atlas Bank;Conta Corrente;Uso do App/Site;Website;Centro-Oeste;Média Renda;6
R0558;C0184;2025-01-13;Varejo;LojaFácil;Compra Online;Reclamação;App;Centro-Oeste;Premium;8
R0559;C0560;2025-01-20;Seguros;VidaSul;Seguro Auto;Pagamento;Loja/Agência;Sudeste;Alta Renda;8
R0560;C0268;2025-10-06;Telecom;LegacyTel;Celular Pós-Pago;Uso do App/Site;Loja/Agência;Nordeste;Alta Renda;7
R0561;C0486;2025-04-18;Banco;Nexa Bank;Cartão de Crédito;Pagamento;Call Center;Centro-Oeste;PME;9
R0562;C0572;2025-08-19;Telecom;MobileNow;Celular Pré-Pago;Reclamação;Atendimento Humano;Centro-Oeste;PME;5
R0563;C0551;2025-12-20;Banco;Nexa Bank;Cartão de Crédito;Uso do App/Site;Atendimento Humano;Sul;Alta Renda;8
R0564;C0401;2025-10-21;Varejo;SuperPrime;Loja Física;Reclamação;App;Norte;Baixa Renda;7
R0565;C0618;2025-12-19;Seguros;Protege+;Seguro Auto;Atendimento;App;Norte;PME;7
R0566;C0421;2025-06-17;Seguros;ClasseA;Seguro Auto;Uso do App/Site;Website;Sudeste;PME;8
R0567;C0619;2025-03-23;Seguros;Protege+;Seguro Auto;Onboarding;Website;Norte;PME;7
R0568;C0503;2025-10-19;Varejo;SuperPrime;Entrega;Uso do App/Site;Atendimento Humano;Centro-Oeste;Alta Renda;9
R0569;C0633;2025-04-02;Seguros;VidaSul;Seguro Residencial;Reclamação;App;Sudeste;Alta Renda;4
R0570;C0069;2025-12-08;Seguros;SeguroDireto;Seguro Residencial;Atendimento;Loja/Agência;Sul;Premium;9
R0571;C0692;2025-11-24;Telecom;LegacyTel;Celular Pós-Pago;Atendimento;Atendimento Humano;Sudeste;Alta Renda;7
R0572;C0070;2025-08-25;Seguros;VidaSul;Seguro Residencial;Pagamento;Loja/Agência;Centro-Oeste;Média Renda;9
R0573;C0688;2025-02-09;Banco;TradBank;Empréstimo;Renovação;Website;Centro-Oeste;Média Renda;4
R0574;C0657;2025-09-25;Banco;Nexa Bank;Empréstimo;Pagamento;Website;Centro-Oeste;Alta Renda;8
R0575;C0346;2025-01-08;Banco;ContaMais;Cartão de Crédito;Renovação;Call Center;Centro-Oeste;Baixa Renda;6
R0576;C0576;2025-06-15;Telecom;LegacyTel;Celular Pré-Pago;Renovação;App;Sul;Baixa Renda;5
R0577;C0286;2025-12-03;Telecom;LegacyTel;Celular Pré-Pago;Uso do App/Site;Atendimento Humano;Centro-Oeste;PME;7
R0578;C0615;2025-02-18;Varejo;LojaFácil;Compra Online;Onboarding;Website;Centro-Oeste;Alta Renda;9
R0579;C0656;2025-09-19;Varejo;CompreJá;Entrega;Renovação;Chatbot;Sul;Alta Renda;7
R0580;C0141;2025-01-31;Telecom;MobileNow;Celular Pré-Pago;Reclamação;Loja/Agência;Sudeste;Média Renda;6
R0581;C0534;2025-01-21;Varejo;LojaFácil;Loja Física;Pagamento;Website;Sul;PME;7
R0582;C0228;2025-12-18;Seguros;SeguroDireto;Seguro Vida;Cancelamento;Call Center;Sudeste;Média Renda;4
R0583;C0242;2025-04-15;Seguros;Protege+;Seguro Vida;Pagamento;Website;Centro-Oeste;Baixa Renda;9
R0584;C0279;2025-04-14;Banco;TradBank;Cartão de Crédito;Renovação;Chatbot;Nordeste;Média Renda;5
R0585;C0308;2025-02-12;Seguros;ClasseA;Seguro Auto;Pagamento;Chatbot;Centro-Oeste;Média Renda;5
R0586;C0159;2025-04-11;Telecom;Connecta;Celular Pré-Pago;Renovação;Website;Nordeste;PME;6
R0587;C0128;2025-01-20;Telecom;LegacyTel;Internet Fixa;Onboarding;Atendimento Humano;Nordeste;PME;5
R0588;C0395;2025-11-30;Seguros;Protege+;Seguro Vida;Uso do App/Site;Website;Centro-Oeste;Alta Renda;10
R0589;C0617;2025-05-07;Seguros;SeguroDireto;Seguro Vida;Uso do App/Site;Website;Centro-Oeste;Baixa Renda;8
R0590;C0310;2025-05-10;Telecom;FibraMax;Internet Fixa;Onboarding;App;Centro-Oeste;PME;10
R0591;C0504;2025-03-28;Seguros;Protege+;Seguro Vida;Pagamento;Loja/Agência;Centro-Oeste;Baixa Renda;9
R0592;C0515;2025-04-04;Banco;Nexa Bank;Conta Corrente;Onboarding;Loja/Agência;Centro-Oeste;Premium;10
R0593;C0171;2025-11-22;Banco;ContaMais;Cartão de Crédito;Reclamação;Website;Sul;Média Renda;7
R0594;C0682;2025-01-04;Banco;TradBank;Cartão de Crédito;Onboarding;Chatbot;Sudeste;Alta Renda;7
R0595;C0323;2025-06-25;Banco;Atlas Bank;Conta Corrente;Uso do App/Site;Atendimento Humano;Sudeste;PME;2
R0596;C0027;2025-03-13;Telecom;MobileNow;Celular Pós-Pago;Renovação;Chatbot;Centro-Oeste;Premium;8
R0597;C0047;2025-07-04;Banco;ContaMais;Empréstimo;Pagamento;Loja/Agência;Sul;Alta Renda;4
R0598;C0103;2025-12-25;Varejo;CompreJá;Entrega;Atendimento;Website;Norte;PME;6
R0599;C0173;2025-08-28;Seguros;Protege+;Seguro Residencial;Reclamação;Website;Sul;Premium;9
R0600;C0393;2025-06-17;Seguros;VidaSul;Seguro Auto;Atendimento;Loja/Agência;Norte;Média Renda;8
R0601;C0067;2025-11-04;Varejo;MercadoBom;Compra Online;Renovação;Call Center;Centro-Oeste;Baixa Renda;4
R0602;C0193;2025-10-31;Varejo;CompreJá;Loja Física;Renovação;Loja/Agência;Centro-Oeste;Premium;8
R0603;C0533;2025-03-06;Banco;ContaMais;Empréstimo;Pagamento;Website;Nordeste;PME;7
R0604;C0682;2025-03-16;Telecom;MobileNow;Internet Fixa;Atendimento;App;Norte;PME;6
R0605;C0157;2025-06-20;Banco;Atlas Bank;Empréstimo;Pagamento;Call Center;Norte;Baixa Renda;6
R0606;C0402;2025-10-08;Telecom;LegacyTel;Celular Pré-Pago;Cancelamento;Website;Sudeste;Média Renda;10
R0607;C0056;2025-10-25;Varejo;CompreJá;Loja Física;Renovação;Chatbot;Nordeste;PME;4
R0608;C0371;2025-01-05;Varejo;SuperPrime;Loja Física;Renovação;Website;Norte;Média Renda;5
R0609;C0445;2025-10-31;Banco;ContaMais;Empréstimo;Cancelamento;Website;Centro-Oeste;PME;5
R0610;C0687;2025-12-21;Telecom;Connecta;Celular Pré-Pago;Renovação;Chatbot;Sul;Baixa Renda;6
R0611;C0587;2025-10-21;Banco;TradBank;Cartão de Crédito;Cancelamento;Loja/Agência;Centro-Oeste;Alta Renda;4
R0612;C0190;2025-10-03;Seguros;ClasseA;Seguro Residencial;Renovação;Loja/Agência;Sudeste;Premium;4
R0613;C0121;2025-12-04;Seguros;Protege+;Seguro Vida;Onboarding;Chatbot;Norte;Premium;8
R0614;C0087;2025-01-18;Telecom;FibraMax;Celular Pré-Pago;Renovação;Website;Sudeste;Premium;5
R0615;C0591;2025-03-13;Banco;ContaMais;Empréstimo;Pagamento;Call Center;Norte;Média Renda;3
R0616;C0138;2025-04-21;Seguros;ClasseA;Seguro Vida;Pagamento;Atendimento Humano;Nordeste;Premium;7
R0617;C0147;2025-12-22;Telecom;LegacyTel;Celular Pré-Pago;Pagamento;Call Center;Sul;Premium;4
R0618;C0389;2025-08-11;Telecom;LegacyTel;Internet Fixa;Renovação;Loja/Agência;Nordeste;Média Renda;7
R0619;C0281;2025-04-26;Banco;Nexa Bank;Empréstimo;Uso do App/Site;App;Nordeste;Baixa Renda;5
R0620;C0586;2025-06-28;Banco;Nexa Bank;Conta Corrente;Atendimento;Website;Centro-Oeste;Baixa Renda;5
R0621;C0489;2025-07-26;Varejo;SuperPrime;Entrega;Pagamento;Atendimento Humano;Sudeste;Baixa Renda;9
R0622;C0256;2025-12-29;Telecom;Connecta;Celular Pós-Pago;Onboarding;Loja/Agência;Norte;Média Renda;6
R0623;C0313;2025-02-14;Seguros;SeguroDireto;Seguro Vida;Atendimento;Website;Centro-Oeste;Alta Renda;7
R0624;C0435;2025-01-06;Seguros;SeguroDireto;Seguro Residencial;Cancelamento;App;Sudeste;Baixa Renda;3
R0625;C0541;2025-12-05;Telecom;Connecta;Celular Pós-Pago;Atendimento;Atendimento Humano;Norte;Baixa Renda;4
R0626;C0116;2025-07-11;Banco;Atlas Bank;Empréstimo;Atendimento;Website;Norte;Média Renda;4
R0627;C0475;2025-01-19;Varejo;CompreJá;Entrega;Uso do App/Site;Atendimento Humano;Sudeste;Alta Renda;6
R0628;C0504;2025-08-09;Seguros;ClasseA;Seguro Auto;Pagamento;App;Norte;PME;9
R0629;C0276;2025-10-02;Telecom;LegacyTel;Internet Fixa;Reclamação;Atendimento Humano;Sul;PME;7
R0630;C0405;2025-03-10;Banco;ContaMais;Cartão de Crédito;Renovação;Chatbot;Sul;Média Renda;7
R0631;C0514;2025-07-24;Seguros;SeguroDireto;Seguro Vida;Pagamento;App;Sul;Média Renda;10
R0632;C0009;2025-11-02;Seguros;Protege+;Seguro Auto;Onboarding;App;Sudeste;Média Renda;7
R0633;C0204;2025-08-08;Seguros;SeguroDireto;Seguro Residencial;Pagamento;Call Center;Centro-Oeste;Baixa Renda;6
R0634;C0197;2025-05-21;Seguros;ClasseA;Seguro Vida;Cancelamento;App;Norte;Premium;3
R0635;C0053;2025-11-26;Telecom;Connecta;Celular Pós-Pago;Onboarding;Atendimento Humano;Sul;Baixa Renda;8
R0636;C0293;2025-04-19;Varejo;SuperPrime;Compra Online;Pagamento;Call Center;Nordeste;Alta Renda;9
R0637;C0604;2025-07-05;Seguros;ClasseA;Seguro Residencial;Reclamação;App;Centro-Oeste;Média Renda;6
R0638;C0196;2025-12-02;Varejo;LojaFácil;Compra Online;Renovação;Call Center;Sul;Premium;4
R0639;C0574;2025-05-10;Telecom;LegacyTel;Celular Pré-Pago;Atendimento;App;Sudeste;Premium;5
R0640;C0297;2025-03-08;Varejo;LojaFácil;Loja Física;Atendimento;Loja/Agência;Sudeste;PME;7
R0641;C0212;2025-05-20;Banco;Atlas Bank;Empréstimo;Onboarding;Loja/Agência;Sul;PME;5
R0642;C0304;2025-04-23;Telecom;FibraMax;Internet Fixa;Uso do App/Site;Atendimento Humano;Sul;Premium;8
R0643;C0216;2025-05-08;Varejo;MercadoBom;Entrega;Onboarding;Website;Sul;Baixa Renda;6
R0644;C0641;2025-01-30;Banco;ContaMais;Conta Corrente;Renovação;Call Center;Norte;Alta Renda;10
R0645;C0264;2025-12-01;Banco;Nexa Bank;Cartão de Crédito;Uso do App/Site;Loja/Agência;Nordeste;Média Renda;7
R0646;C0491;2025-03-17;Telecom;LegacyTel;Celular Pós-Pago;Uso do App/Site;Call Center;Nordeste;Média Renda;4
R0647;C0072;2025-04-07;Banco;TradBank;Cartão de Crédito;Uso do App/Site;Chatbot;Sul;Média Renda;7
R0648;C0014;2025-02-26;Telecom;Connecta;Internet Fixa;Atendimento;Website;Centro-Oeste;PME;7
R0649;C0492;2025-03-13;Banco;Atlas Bank;Conta Corrente;Uso do App/Site;App;Nordeste;Média Renda;9
R0650;C0106;2025-06-01;Seguros;VidaSul;Seguro Auto;Pagamento;Call Center;Centro-Oeste;Média Renda;6
R0651;C0230;2025-02-26;Seguros;SeguroDireto;Seguro Auto;Onboarding;Website;Sudeste;Média Renda;6
R0652;C0615;2025-06-21;Banco;ContaMais;Cartão de Crédito;Pagamento;App;Norte;Alta Renda;10
R0653;C0153;2025-01-02;Telecom;FibraMax;Celular Pré-Pago;Atendimento;Website;Nordeste;Premium;8
R0654;C0395;2025-04-04;Telecom;Connecta;Celular Pós-Pago;Uso do App/Site;Chatbot;Centro-Oeste;PME;5
R0655;C0550;2025-09-30;Varejo;LojaFácil;Loja Física;Atendimento;Chatbot;Centro-Oeste;PME;4
R0656;C0372;2025-01-09;Telecom;MobileNow;Celular Pós-Pago;Onboarding;Atendimento Humano;Centro-Oeste;Premium;9
R0657;C0058;2025-04-25;Seguros;ClasseA;Seguro Auto;Onboarding;App;Nordeste;Alta Renda;10
R0658;C0162;2025-11-01;Telecom;Connecta;Internet Fixa;Renovação;Loja/Agência;Sul;PME;2
R0659;C0422;2025-08-29;Banco;Nexa Bank;Conta Corrente;Pagamento;Website;Sudeste;Média Renda;10
R0660;C0697;2025-08-05;Varejo;CompreJá;Loja Física;Cancelamento;Loja/Agência;Sudeste;Alta Renda;2
R0661;C0058;2025-11-13;Seguros;VidaSul;Seguro Vida;Renovação;Call Center;Norte;Premium;6
R0662;C0663;2025-07-10;Telecom;MobileNow;Celular Pós-Pago;Uso do App/Site;Loja/Agência;Norte;Premium;10
R0663;C0193;2025-06-08;Seguros;SeguroDireto;Seguro Auto;Pagamento;App;Sudeste;Baixa Renda;4
R0664;C0009;2025-06-08;Telecom;LegacyTel;Celular Pré-Pago;Onboarding;Website;Nordeste;Baixa Renda;7
R0665;C0025;2025-03-18;Varejo;LojaFácil;Loja Física;Atendimento;Atendimento Humano;Sul;Alta Renda;7
R0666;C0145;2025-12-01;Seguros;Protege+;Seguro Residencial;Reclamação;App;Nordeste;Média Renda;8
R0667;C0245;2025-07-18;Telecom;FibraMax;Celular Pré-Pago;Reclamação;Loja/Agência;Norte;Premium;8
R0668;C0511;2025-02-14;Telecom;LegacyTel;Celular Pré-Pago;Reclamação;App;Sul;Premium;4
R0669;C0666;2025-08-15;Banco;ContaMais;Cartão de Crédito;Pagamento;Website;Nordeste;Média Renda;9
R0670;C0322;2025-11-16;Telecom;Connecta;Internet Fixa;Reclamação;Chatbot;Sudeste;Alta Renda;7
R0671;C0298;2025-02-23;Varejo;LojaFácil;Compra Online;Renovação;Chatbot;Norte;PME;6
R0672;C0111;2025-04-03;Seguros;Protege+;Seguro Auto;Reclamação;Chatbot;Sudeste;Média Renda;4
R0673;C0656;2025-03-16;Seguros;Protege+;Seguro Residencial;Uso do App/Site;Chatbot;Nordeste;Baixa Renda;4
R0674;C0434;2025-12-17;Telecom;LegacyTel;Celular Pós-Pago;Reclamação;App;Norte;PME;6
R0675;C0095;2025-01-28;Varejo;MercadoBom;Loja Física;Renovação;Website;Sudeste;Média Renda;9
R0676;C0585;2025-12-21;Seguros;SeguroDireto;Seguro Residencial;Cancelamento;Call Center;Sul;Média Renda;5
R0677;C0470;2025-03-19;Seguros;Protege+;Seguro Auto;Reclamação;Atendimento Humano;Sul;Baixa Renda;6
R0678;C0100;2025-10-24;Telecom;Connecta;Celular Pós-Pago;Cancelamento;Call Center;Sudeste;PME;2
R0679;C0310;2025-01-09;Banco;Atlas Bank;Conta Corrente;Renovação;Website;Centro-Oeste;Premium;7
R0680;C0470;2025-04-01;Varejo;SuperPrime;Entrega;Cancelamento;App;Centro-Oeste;PME;2
R0681;C0092;2025-02-23;Seguros;SeguroDireto;Seguro Residencial;Uso do App/Site;Atendimento Humano;Norte;Média Renda;5
R0682;C0229;2025-04-19;Banco;Nexa Bank;Empréstimo;Atendimento;App;Centro-Oeste;Premium;10
R0683;C0230;2025-07-11;Seguros;VidaSul;Seguro Vida;Atendimento;App;Sul;PME;8
R0684;C0615;2025-09-23;Varejo;SuperPrime;Loja Física;Renovação;Call Center;Nordeste;PME;4
R0685;C0413;2025-03-30;Varejo;CompreJá;Loja Física;Uso do App/Site;Atendimento Humano;Centro-Oeste;Média Renda;5
R0686;C0567;2025-05-14;Varejo;CompreJá;Entrega;Uso do App/Site;Chatbot;Sul;Baixa Renda;5
R0687;C0465;2025-03-08;Telecom;FibraMax;Celular Pós-Pago;Uso do App/Site;App;Sudeste;Baixa Renda;5
R0688;C0085;2025-05-21;Varejo;LojaFácil;Compra Online;Uso do App/Site;Loja/Agência;Sul;Alta Renda;6
R0689;C0401;2025-04-17;Telecom;Connecta;Celular Pré-Pago;Onboarding;Loja/Agência;Norte;Baixa Renda;10
R0690;C0185;2025-03-24;Banco;ContaMais;Cartão de Crédito;Cancelamento;App;Centro-Oeste;Baixa Renda;6
R0691;C0198;2025-03-04;Varejo;SuperPrime;Compra Online;Uso do App/Site;Loja/Agência;Norte;Premium;8
R0692;C0275;2025-03-06;Banco;Nexa Bank;Empréstimo;Onboarding;Atendimento Humano;Norte;Média Renda;8
R0693;C0403;2025-05-24;Varejo;MercadoBom;Loja Física;Uso do App/Site;App;Nordeste;Premium;6
R0694;C0638;2025-06-13;Banco;ContaMais;Empréstimo;Cancelamento;Atendimento Humano;Nordeste;Média Renda;5
R0695;C0544;2025-11-27;Banco;ContaMais;Empréstimo;Atendimento;Chatbot;Sul;Premium;4
R0696;C0010;2025-03-04;Varejo;LojaFácil;Loja Física;Onboarding;App;Sul;Alta Renda;7
R0697;C0688;2025-11-08;Varejo;CompreJá;Entrega;Onboarding;Loja/Agência;Nordeste;Média Renda;3
R0698;C0464;2025-03-05;Banco;TradBank;Empréstimo;Renovação;Chatbot;Centro-Oeste;Alta Renda;4
R0699;C0541;2025-10-01;Telecom;FibraMax;Celular Pré-Pago;Pagamento;Atendimento Humano;Centro-Oeste;Média Renda;6
R0700;C0506;2025-06-10;Banco;Atlas Bank;Cartão de Crédito;Renovação;App;Sudeste;PME;6
R0701;C0447;2025-06-15;Banco;Atlas Bank;Cartão de Crédito;Pagamento;Loja/Agência;Centro-Oeste;PME;10
R0702;C0077;2025-06-05;Telecom;MobileNow;Internet Fixa;Onboarding;Website;Nordeste;Premium;7
R0703;C0126;2025-12-09;Varejo;MercadoBom;Loja Física;Renovação;Atendimento Humano;Centro-Oeste;Alta Renda;6
R0704;C0676;2025-05-05;Telecom;MobileNow;Celular Pré-Pago;Atendimento;Loja/Agência;Centro-Oeste;Alta Renda;9
R0705;C0320;2025-06-10;Telecom;LegacyTel;Celular Pré-Pago;Onboarding;App;Centro-Oeste;Baixa Renda;7
R0706;C0434;2025-05-23;Seguros;VidaSul;Seguro Vida;Uso do App/Site;Atendimento Humano;Sudeste;Média Renda;10
R0707;C0122;2025-05-16;Telecom;FibraMax;Celular Pré-Pago;Pagamento;Atendimento Humano;Sudeste;Média Renda;6
R0708;C0199;2025-08-05;Banco;TradBank;Cartão de Crédito;Atendimento;Website;Sul;PME;8
R0709;C0273;2025-10-22;Varejo;SuperPrime;Compra Online;Atendimento;Website;Norte;Alta Renda;4
R0710;C0176;2025-04-16;Telecom;MobileNow;Internet Fixa;Reclamação;App;Nordeste;Média Renda;6
R0711;C0072;2025-12-15;Telecom;LegacyTel;Celular Pós-Pago;Renovação;Call Center;Norte;Alta Renda;6
R0712;C0609;2025-01-05;Telecom;FibraMax;Internet Fixa;Pagamento;Chatbot;Sul;Baixa Renda;10
R0713;C0103;2025-02-18;Varejo;LojaFácil;Loja Física;Reclamação;App;Centro-Oeste;Média Renda;5
R0714;C0531;2025-06-20;Varejo;SuperPrime;Entrega;Pagamento;Chatbot;Centro-Oeste;Alta Renda;9
R0715;C0212;2025-07-04;Seguros;ClasseA;Seguro Auto;Pagamento;Loja/Agência;Norte;Baixa Renda;8
R0716;C0358;2025-12-14;Banco;TradBank;Conta Corrente;Atendimento;Loja/Agência;Sudeste;Alta Renda;6
R0717;C0511;2025-01-05;Varejo;CompreJá;Loja Física;Reclamação;Chatbot;Nordeste;Alta Renda;6
R0718;C0290;2025-04-22;Telecom;Connecta;Celular Pós-Pago;Renovação;Website;Norte;Alta Renda;4
R0719;C0278;2025-02-14;Banco;ContaMais;Conta Corrente;Atendimento;Call Center;Sudeste;PME;4
R0720;C0268;2025-02-20;Telecom;Connecta;Celular Pré-Pago;Uso do App/Site;Chatbot;Norte;Baixa Renda;4
R0721;C0581;2025-06-02;Varejo;SuperPrime;Entrega;Pagamento;Website;Norte;PME;6
R0722;C0431;2025-08-27;Seguros;VidaSul;Seguro Vida;Uso do App/Site;Chatbot;Centro-Oeste;Baixa Renda;8
R0723;C0403;2025-01-28;Seguros;SeguroDireto;Seguro Residencial;Onboarding;Atendimento Humano;Sudeste;PME;8
R0724;C0580;2025-05-29;Telecom;Connecta;Celular Pós-Pago;Renovação;App;Centro-Oeste;Premium;9
R0725;C0159;2025-11-24;Seguros;ClasseA;Seguro Vida;Pagamento;App;Sudeste;Premium;6
R0726;C0107;2025-04-15;Varejo;SuperPrime;Entrega;Pagamento;Loja/Agência;Sudeste;PME;5
R0727;C0632;2025-12-03;Seguros;ClasseA;Seguro Auto;Cancelamento;Atendimento Humano;Centro-Oeste;PME;7
R0728;C0297;2025-05-29;Banco;ContaMais;Cartão de Crédito;Uso do App/Site;Loja/Agência;Sudeste;Média Renda;5
R0729;C0035;2025-06-05;Banco;ContaMais;Empréstimo;Atendimento;Call Center;Nordeste;PME;4
R0730;C0400;2025-09-26;Seguros;VidaSul;Seguro Auto;Pagamento;Website;Centro-Oeste;PME;8
R0731;C0621;2025-08-30;Banco;TradBank;Conta Corrente;Renovação;Website;Nordeste;Premium;5
R0732;C0163;2025-01-16;Telecom;FibraMax;Celular Pré-Pago;Renovação;Atendimento Humano;Norte;Alta Renda;9
R0733;C0066;2025-08-04;Telecom;MobileNow;Internet Fixa;Renovação;App;Centro-Oeste;PME;6
R0734;C0137;2025-07-13;Banco;Atlas Bank;Empréstimo;Pagamento;App;Sudeste;Baixa Renda;9
R0735;C0144;2025-01-18;Telecom;LegacyTel;Internet Fixa;Pagamento;Chatbot;Centro-Oeste;Alta Renda;6
R0736;C0585;2025-04-17;Banco;Nexa Bank;Cartão de Crédito;Cancelamento;Chatbot;Norte;Premium;7
R0737;C0511;2025-03-02;Seguros;ClasseA;Seguro Vida;Pagamento;Call Center;Norte;Premium;9
R0738;C0295;2025-03-22;Telecom;MobileNow;Internet Fixa;Reclamação;Atendimento Humano;Nordeste;Baixa Renda;6
R0739;C0347;2025-01-17;Banco;TradBank;Empréstimo;Reclamação;Website;Norte;Premium;4
R0740;C0578;2025-02-07;Seguros;SeguroDireto;Seguro Residencial;Uso do App/Site;Call Center;Sudeste;Média Renda;7
R0741;C0490;2025-08-09;Banco;Atlas Bank;Cartão de Crédito;Onboarding;Chatbot;Norte;Premium;10
R0742;C0129;2025-07-13;Varejo;SuperPrime;Compra Online;Onboarding;App;Sudeste;Média Renda;8
R0743;C0233;2025-01-06;Seguros;SeguroDireto;Seguro Vida;Atendimento;Atendimento Humano;Sul;Baixa Renda;2
R0744;C0045;2025-05-25;Seguros;SeguroDireto;Seguro Vida;Cancelamento;Atendimento Humano;Norte;Baixa Renda;6
R0745;C0226;2025-07-02;Varejo;CompreJá;Loja Física;Reclamação;Loja/Agência;Sul;Alta Renda;7
R0746;C0637;2025-07-30;Seguros;VidaSul;Seguro Vida;Pagamento;Call Center;Norte;Alta Renda;6
R0747;C0117;2025-08-21;Seguros;ClasseA;Seguro Residencial;Onboarding;Website;Sul;Premium;8
R0748;C0394;2025-07-15;Banco;Nexa Bank;Cartão de Crédito;Cancelamento;App;Nordeste;Alta Renda;10
R0749;C0606;2025-05-15;Seguros;VidaSul;Seguro Auto;Uso do App/Site;Website;Centro-Oeste;Média Renda;6
R0750;C0295;2025-12-14;Telecom;LegacyTel;Internet Fixa;Pagamento;Loja/Agência;Norte;PME;4
R0751;C0256;2025-02-13;Seguros;VidaSul;Seguro Residencial;Reclamação;Loja/Agência;Norte;Premium;6
R0752;C0677;2025-10-19;Varejo;SuperPrime;Loja Física;Reclamação;Chatbot;Sudeste;Premium;5
R0753;C0625;2025-05-22;Varejo;CompreJá;Loja Física;Cancelamento;Website;Centro-Oeste;PME;6
R0754;C0671;2025-02-28;Varejo;CompreJá;Compra Online;Atendimento;Website;Nordeste;Alta Renda;5
R0755;C0615;2025-01-23;Banco;Atlas Bank;Conta Corrente;Renovação;Atendimento Humano;Centro-Oeste;Premium;6
R0756;C0437;2025-11-25;Telecom;MobileNow;Celular Pós-Pago;Onboarding;App;Norte;PME;7
R0757;C0606;2025-03-18;Varejo;SuperPrime;Compra Online;Onboarding;Call Center;Norte;Alta Renda;6
R0758;C0673;2025-01-17;Banco;Nexa Bank;Conta Corrente;Reclamação;Website;Nordeste;Premium;6
R0759;C0053;2025-09-28;Telecom;Connecta;Celular Pós-Pago;Cancelamento;Loja/Agência;Sudeste;Baixa Renda;10
R0760;C0119;2025-06-11;Seguros;ClasseA;Seguro Vida;Reclamação;Atendimento Humano;Centro-Oeste;Alta Renda;4
R0761;C0551;2025-03-06;Telecom;MobileNow;Celular Pós-Pago;Renovação;Chatbot;Nordeste;Baixa Renda;5
R0762;C0203;2025-11-20;Telecom;MobileNow;Celular Pós-Pago;Renovação;Atendimento Humano;Sul;Premium;8
R0763;C0136;2025-02-07;Telecom;FibraMax;Celular Pós-Pago;Onboarding;Website;Sudeste;PME;7
R0764;C0076;2025-01-24;Seguros;Protege+;Seguro Residencial;Pagamento;Website;Centro-Oeste;Premium;8
R0765;C0608;2025-01-04;Varejo;LojaFácil;Loja Física;Atendimento;Loja/Agência;Centro-Oeste;PME;6
R0766;C0578;2025-01-25;Varejo;LojaFácil;Entrega;Renovação;Chatbot;Centro-Oeste;Alta Renda;4
R0767;C0292;2025-06-27;Seguros;SeguroDireto;Seguro Residencial;Pagamento;Chatbot;Nordeste;Média Renda;7
R0768;C0286;2025-12-08;Telecom;FibraMax;Internet Fixa;Pagamento;Call Center;Centro-Oeste;PME;8
R0769;C0585;2025-05-25;Telecom;Connecta;Internet Fixa;Uso do App/Site;Atendimento Humano;Norte;Média Renda;10
R0770;C0141;2025-02-14;Seguros;SeguroDireto;Seguro Vida;Atendimento;Atendimento Humano;Sul;PME;7
R0771;C0323;2025-12-28;Varejo;MercadoBom;Entrega;Renovação;App;Nordeste;Baixa Renda;7
R0772;C0601;2025-03-12;Banco;Atlas Bank;Cartão de Crédito;Onboarding;Loja/Agência;Norte;Alta Renda;8
R0773;C0445;2025-01-02;Seguros;Protege+;Seguro Auto;Renovação;Website;Nordeste;PME;9
R0774;C0185;2025-12-03;Banco;TradBank;Cartão de Crédito;Reclamação;Atendimento Humano;Sul;Média Renda;2
R0775;C0458;2025-08-03;Varejo;SuperPrime;Compra Online;Pagamento;Loja/Agência;Centro-Oeste;PME;7
R0776;C0616;2025-09-08;Varejo;CompreJá;Compra Online;Renovação;Chatbot;Sudeste;Média Renda;8
R0777;C0409;2025-08-06;Seguros;SeguroDireto;Seguro Vida;Uso do App/Site;App;Nordeste;Alta Renda;3
R0778;C0113;2025-11-17;Varejo;MercadoBom;Compra Online;Pagamento;Chatbot;Sul;Alta Renda;8
R0779;C0204;2025-10-02;Varejo;CompreJá;Compra Online;Reclamação;Atendimento Humano;Sudeste;Baixa Renda;6
R0780;C0540;2025-01-11;Telecom;FibraMax;Celular Pré-Pago;Atendimento;Loja/Agência;Sul;Alta Renda;6
R0781;C0277;2025-03-09;Banco;ContaMais;Empréstimo;Atendimento;Chatbot;Sudeste;Média Renda;6
R0782;C0320;2025-11-07;Banco;TradBank;Conta Corrente;Onboarding;Atendimento Humano;Centro-Oeste;Baixa Renda;3
R0783;C0292;2025-09-05;Varejo;CompreJá;Loja Física;Reclamação;Loja/Agência;Sudeste;Alta Renda;5
R0784;C0577;2025-09-02;Telecom;MobileNow;Celular Pós-Pago;Onboarding;Chatbot;Centro-Oeste;Alta Renda;7
R0785;C0239;2025-10-18;Banco;ContaMais;Empréstimo;Pagamento;Call Center;Sul;Baixa Renda;8
R0786;C0501;2025-10-15;Banco;Atlas Bank;Cartão de Crédito;Pagamento;Chatbot;Nordeste;Alta Renda;8
R0787;C0166;2025-01-07;Seguros;ClasseA;Seguro Residencial;Renovação;Website;Nordeste;PME;7
R0788;C0304;2025-01-05;Banco;ContaMais;Conta Corrente;Uso do App/Site;Chatbot;Sudeste;Baixa Renda;8
R0789;C0258;2025-11-06;Banco;ContaMais;Cartão de Crédito;Pagamento;Loja/Agência;Nordeste;Premium;5
R0790;C0320;2025-01-03;Seguros;ClasseA;Seguro Residencial;Uso do App/Site;Call Center;Sul;Média Renda;4
R0791;C0282;2025-04-09;Telecom;LegacyTel;Internet Fixa;Renovação;App;Norte;PME;6
R0792;C0222;2025-02-22;Varejo;SuperPrime;Loja Física;Reclamação;Loja/Agência;Nordeste;Alta Renda;6
R0793;C0485;2025-12-09;Varejo;MercadoBom;Compra Online;Pagamento;Atendimento Humano;Sudeste;Média Renda;8
R0794;C0141;2025-01-27;Telecom;LegacyTel;Internet Fixa;Onboarding;Website;Sul;Baixa Renda;5
R0795;C0620;2025-02-10;Seguros;VidaSul;Seguro Residencial;Renovação;Chatbot;Nordeste;Alta Renda;5
R0796;C0026;2025-04-02;Telecom;LegacyTel;Internet Fixa;Renovação;Call Center;Sul;PME;6
R0797;C0539;2025-07-04;Varejo;LojaFácil;Loja Física;Cancelamento;Loja/Agência;Nordeste;PME;6
R0798;C0408;2025-09-03;Telecom;LegacyTel;Internet Fixa;Reclamação;Call Center;Nordeste;Baixa Renda;8
R0799;C0559;2025-11-28;Banco;Atlas Bank;Empréstimo;Renovação;Call Center;Nordeste;Baixa Renda;10
R0800;C0064;2025-11-23;Banco;ContaMais;Conta Corrente;Pagamento;App;Norte;Média Renda;5
R0801;C0529;2025-07-07;Varejo;CompreJá;Compra Online;Cancelamento;Atendimento Humano;Nordeste;Média Renda;4
R0802;C0518;2025-04-12;Banco;Nexa Bank;Empréstimo;Atendimento;Chatbot;Sudeste;Baixa Renda;6
R0803;C0089;2025-04-04;Seguros;SeguroDireto;Seguro Auto;Renovação;Loja/Agência;Sudeste;Alta Renda;6
R0804;C0658;2025-12-15;Telecom;FibraMax;Celular Pós-Pago;Reclamação;Loja/Agência;Sudeste;Média Renda;6
R0805;C0266;2025-06-01;Telecom;LegacyTel;Celular Pré-Pago;Cancelamento;Loja/Agência;Sul;Alta Renda;8
R0806;C0395;2025-10-27;Seguros;VidaSul;Seguro Residencial;Onboarding;Chatbot;Nordeste;Premium;8
R0807;C0265;2025-04-18;Telecom;Connecta;Celular Pré-Pago;Reclamação;Website;Centro-Oeste;Alta Renda;4
R0808;C0331;2025-01-18;Telecom;LegacyTel;Celular Pós-Pago;Pagamento;App;Sudeste;Premium;5
R0809;C0468;2025-11-12;Banco;ContaMais;Empréstimo;Pagamento;App;Sul;PME;5
R0810;C0111;2025-09-17;Seguros;SeguroDireto;Seguro Vida;Atendimento;Chatbot;Sul;Alta Renda;8
R0811;C0680;2025-03-08;Seguros;SeguroDireto;Seguro Residencial;Cancelamento;Call Center;Norte;PME;4
R0812;C0242;2025-04-05;Varejo;CompreJá;Compra Online;Onboarding;Call Center;Sul;Alta Renda;4
R0813;C0685;2025-08-30;Telecom;LegacyTel;Celular Pós-Pago;Onboarding;Loja/Agência;Sul;Média Renda;5
R0814;C0612;2025-08-06;Seguros;Protege+;Seguro Residencial;Renovação;Website;Sudeste;PME;7
R0815;C0662;2025-02-09;Seguros;Protege+;Seguro Vida;Onboarding;Call Center;Centro-Oeste;Premium;10
R0816;C0036;2025-09-04;Telecom;MobileNow;Internet Fixa;Atendimento;Website;Sudeste;Média Renda;7
R0817;C0589;2025-03-07;Varejo;MercadoBom;Loja Física;Uso do App/Site;Website;Centro-Oeste;Premium;9
R0818;C0344;2025-08-31;Seguros;Protege+;Seguro Vida;Atendimento;App;Centro-Oeste;PME;4
R0819;C0446;2025-08-21;Varejo;LojaFácil;Compra Online;Cancelamento;Website;Centro-Oeste;Premium;6
R0820;C0556;2025-01-13;Banco;Atlas Bank;Cartão de Crédito;Pagamento;App;Sudeste;PME;5
R0821;C0130;2025-02-18;Varejo;MercadoBom;Compra Online;Pagamento;Call Center;Centro-Oeste;Baixa Renda;5
R0822;C0470;2025-10-19;Telecom;Connecta;Celular Pré-Pago;Atendimento;Chatbot;Nordeste;Alta Renda;6
R0823;C0411;2025-08-05;Banco;Atlas Bank;Conta Corrente;Pagamento;Call Center;Sudeste;Média Renda;4
R0824;C0051;2025-05-05;Banco;Nexa Bank;Conta Corrente;Renovação;Call Center;Sudeste;PME;5
R0825;C0020;2025-04-17;Varejo;LojaFácil;Entrega;Atendimento;Website;Centro-Oeste;Alta Renda;6
R0826;C0295;2025-11-10;Seguros;SeguroDireto;Seguro Vida;Uso do App/Site;Call Center;Nordeste;PME;5
R0827;C0175;2025-09-30;Seguros;VidaSul;Seguro Vida;Atendimento;Loja/Agência;Norte;Alta Renda;5
R0828;C0463;2025-06-11;Seguros;Protege+;Seguro Residencial;Atendimento;App;Norte;Baixa Renda;6
R0829;C0135;2025-10-03;Seguros;VidaSul;Seguro Auto;Uso do App/Site;Atendimento Humano;Norte;Média Renda;5
R0830;C0419;2025-10-09;Seguros;Protege+;Seguro Vida;Cancelamento;App;Sudeste;PME;9
R0831;C0507;2025-07-26;Varejo;LojaFácil;Compra Online;Atendimento;Atendimento Humano;Nordeste;Alta Renda;7
R0832;C0595;2025-07-16;Seguros;VidaSul;Seguro Residencial;Cancelamento;Chatbot;Sul;Média Renda;4
R0833;C0641;2025-10-19;Seguros;SeguroDireto;Seguro Residencial;Atendimento;Website;Sudeste;Premium;7
R0834;C0180;2025-05-03;Seguros;ClasseA;Seguro Vida;Onboarding;Call Center;Sudeste;Premium;8
R0835;C0657;2025-09-14;Seguros;ClasseA;Seguro Vida;Uso do App/Site;Call Center;Sul;Alta Renda;8
R0836;C0073;2025-07-17;Banco;ContaMais;Empréstimo;Cancelamento;Call Center;Sul;Média Renda;6
R0837;C0410;2025-07-06;Seguros;SeguroDireto;Seguro Residencial;Renovação;Atendimento Humano;Sudeste;Premium;5
R0838;C0146;2025-06-23;Seguros;VidaSul;Seguro Residencial;Cancelamento;App;Sudeste;Média Renda;8
R0839;C0265;2025-08-19;Telecom;MobileNow;Celular Pós-Pago;Uso do App/Site;Call Center;Sudeste;Alta Renda;6
R0840;C0313;2025-11-21;Varejo;MercadoBom;Entrega;Onboarding;Website;Sul;Premium;9
R0841;C0599;2025-03-17;Seguros;ClasseA;Seguro Vida;Atendimento;Loja/Agência;Nordeste;Média Renda;7
R0842;C0388;2025-07-11;Banco;Nexa Bank;Cartão de Crédito;Pagamento;Loja/Agência;Norte;Premium;7
R0843;C0666;2025-03-03;Seguros;ClasseA;Seguro Vida;Uso do App/Site;Atendimento Humano;Centro-Oeste;Média Renda;6
R0844;C0409;2025-01-17;Telecom;LegacyTel;Celular Pós-Pago;Atendimento;Chatbot;Norte;Baixa Renda;6
R0845;C0667;2025-04-04;Banco;ContaMais;Cartão de Crédito;Reclamação;App;Nordeste;Premium;10
R0846;C0536;2025-03-09;Telecom;MobileNow;Internet Fixa;Renovação;Loja/Agência;Centro-Oeste;Média Renda;7
R0847;C0488;2025-02-12;Varejo;SuperPrime;Compra Online;Uso do App/Site;Website;Sul;Premium;7
R0848;C0604;2025-04-10;Telecom;LegacyTel;Internet Fixa;Reclamação;Atendimento Humano;Sul;Premium;5
R0849;C0575;2025-12-14;Seguros;VidaSul;Seguro Auto;Pagamento;Chatbot;Norte;Alta Renda;5
R0850;C0097;2025-06-05;Varejo;SuperPrime;Entrega;Atendimento;App;Sul;PME;10
R0851;C0216;2025-11-09;Seguros;VidaSul;Seguro Residencial;Renovação;Loja/Agência;Norte;Média Renda;7
R0852;C0276;2025-08-02;Telecom;Connecta;Celular Pós-Pago;Uso do App/Site;Website;Centro-Oeste;Média Renda;5
R0853;C0057;2025-07-26;Telecom;MobileNow;Celular Pós-Pago;Atendimento;Call Center;Nordeste;Média Renda;5
R0854;C0392;2025-08-07;Seguros;SeguroDireto;Seguro Residencial;Renovação;Website;Centro-Oeste;Alta Renda;5
R0855;C0676;2025-01-24;Varejo;CompreJá;Entrega;Reclamação;Loja/Agência;Sul;Média Renda;4
R0856;C0114;2025-05-26;Seguros;Protege+;Seguro Vida;Renovação;Chatbot;Sul;Alta Renda;2
R0857;C0571;2025-05-14;Seguros;ClasseA;Seguro Auto;Renovação;App;Nordeste;PME;9
R0858;C0371;2025-08-24;Varejo;SuperPrime;Entrega;Onboarding;Website;Sudeste;Alta Renda;8
R0859;C0383;2025-09-20;Varejo;CompreJá;Compra Online;Renovação;Loja/Agência;Nordeste;Alta Renda;3
R0860;C0116;2025-10-13;Banco;Nexa Bank;Empréstimo;Atendimento;App;Norte;Alta Renda;4
R0861;C0075;2025-06-19;Telecom;FibraMax;Celular Pré-Pago;Cancelamento;App;Norte;PME;2
R0862;C0020;2025-07-19;Telecom;FibraMax;Celular Pré-Pago;Reclamação;Call Center;Centro-Oeste;Premium;9
R0863;C0157;2025-10-23;Banco;Nexa Bank;Conta Corrente;Pagamento;Chatbot;Sul;Alta Renda;9
R0864;C0236;2025-06-11;Telecom;LegacyTel;Internet Fixa;Uso do App/Site;Call Center;Sul;Baixa Renda;9
R0865;C0390;2025-04-17;Telecom;LegacyTel;Internet Fixa;Pagamento;Website;Centro-Oeste;Alta Renda;6
R0866;C0167;2025-03-04;Banco;Atlas Bank;Cartão de Crédito;Atendimento;Chatbot;Sul;Média Renda;6
R0867;C0008;2025-01-09;Telecom;LegacyTel;Internet Fixa;Atendimento;Loja/Agência;Norte;Alta Renda;6
R0868;C0400;2025-11-26;Seguros;Protege+;Seguro Residencial;Atendimento;App;Nordeste;Alta Renda;8
R0869;C0677;2025-04-18;Seguros;ClasseA;Seguro Auto;Pagamento;Loja/Agência;Nordeste;Baixa Renda;8
R0870;C0167;2025-02-26;Varejo;SuperPrime;Loja Física;Reclamação;Chatbot;Sul;PME;3
R0871;C0553;2025-01-24;Banco;Nexa Bank;Cartão de Crédito;Uso do App/Site;Call Center;Centro-Oeste;Alta Renda;9
R0872;C0550;2025-08-01;Seguros;Protege+;Seguro Vida;Renovação;Atendimento Humano;Sul;Média Renda;7
R0873;C0201;2025-10-20;Seguros;VidaSul;Seguro Auto;Cancelamento;Atendimento Humano;Sudeste;Alta Renda;2
R0874;C0676;2025-04-05;Telecom;Connecta;Internet Fixa;Reclamação;Website;Sul;Média Renda;5
R0875;C0395;2025-01-18;Varejo;SuperPrime;Loja Física;Renovação;Chatbot;Norte;Premium;1
R0876;C0416;2025-10-23;Banco;Atlas Bank;Conta Corrente;Uso do App/Site;App;Sul;Baixa Renda;7
R0877;C0563;2025-09-07;Seguros;VidaSul;Seguro Auto;Atendimento;Atendimento Humano;Nordeste;Premium;4
R0878;C0114;2025-08-23;Seguros;VidaSul;Seguro Vida;Onboarding;Loja/Agência;Nordeste;Premium;7
R0879;C0228;2025-12-15;Banco;ContaMais;Empréstimo;Renovação;Call Center;Sul;Alta Renda;6
R0880;C0544;2025-12-22;Banco;Nexa Bank;Conta Corrente;Renovação;Loja/Agência;Nordeste;Premium;8
R0881;C0304;2025-07-25;Telecom;FibraMax;Celular Pós-Pago;Uso do App/Site;App;Sul;Premium;8
R0882;C0609;2025-11-10;Seguros;Protege+;Seguro Vida;Atendimento;Chatbot;Centro-Oeste;Alta Renda;7
R0883;C0255;2025-04-10;Banco;TradBank;Conta Corrente;Cancelamento;Chatbot;Sul;Média Renda;4
R0884;C0012;2025-06-17;Varejo;LojaFácil;Compra Online;Uso do App/Site;Call Center;Sul;PME;7
R0885;C0279;2025-06-24;Banco;ContaMais;Empréstimo;Pagamento;Atendimento Humano;Sudeste;Premium;5
R0886;C0091;2025-02-22;Banco;Atlas Bank;Cartão de Crédito;Cancelamento;Call Center;Sudeste;PME;6
R0887;C0258;2025-12-08;Varejo;LojaFácil;Compra Online;Cancelamento;Loja/Agência;Centro-Oeste;PME;3
R0888;C0580;2025-11-07;Varejo;LojaFácil;Compra Online;Onboarding;App;Centro-Oeste;Média Renda;8
R0889;C0619;2025-12-30;Seguros;Protege+;Seguro Vida;Reclamação;Loja/Agência;Centro-Oeste;Baixa Renda;4
R0890;C0443;2025-11-18;Seguros;SeguroDireto;Seguro Residencial;Renovação;Loja/Agência;Sudeste;Alta Renda;8
R0891;C0284;2025-05-08;Banco;Nexa Bank;Conta Corrente;Reclamação;Website;Sudeste;Alta Renda;10
R0892;C0512;2025-03-30;Seguros;VidaSul;Seguro Auto;Pagamento;Chatbot;Nordeste;Média Renda;10
R0893;C0498;2025-05-16;Banco;TradBank;Cartão de Crédito;Pagamento;Atendimento Humano;Norte;Média Renda;5
R0894;C0574;2025-06-01;Varejo;LojaFácil;Loja Física;Cancelamento;Chatbot;Nordeste;Média Renda;3
R0895;C0107;2025-07-17;Telecom;FibraMax;Celular Pós-Pago;Reclamação;Loja/Agência;Sudeste;Média Renda;9
R0896;C0225;2025-12-22;Varejo;SuperPrime;Entrega;Reclamação;App;Nordeste;Média Renda;7
R0897;C0532;2025-04-06;Telecom;MobileNow;Internet Fixa;Atendimento;Loja/Agência;Sul;Média Renda;8
R0898;C0138;2025-02-09;Seguros;Protege+;Seguro Vida;Reclamação;Chatbot;Nordeste;Alta Renda;7
R0899;C0661;2025-12-26;Varejo;CompreJá;Entrega;Uso do App/Site;Atendimento Humano;Norte;Média Renda;10
R0900;C0059;2025-11-29;Telecom;MobileNow;Celular Pós-Pago;Pagamento;Atendimento Humano;Sudeste;PME;9
R0901;C0406;2025-03-10;Varejo;LojaFácil;Loja Física;Cancelamento;Loja/Agência;Sul;Baixa Renda;5
R0902;C0323;2025-10-28;Telecom;LegacyTel;Celular Pré-Pago;Atendimento;Call Center;Norte;Alta Renda;3
R0903;C0186;2025-04-02;Banco;Nexa Bank;Empréstimo;Onboarding;Loja/Agência;Nordeste;Premium;10
R0904;C0142;2025-08-31;Banco;Nexa Bank;Empréstimo;Atendimento;Loja/Agência;Sudeste;Alta Renda;6
R0905;C0097;2025-08-20;Varejo;CompreJá;Compra Online;Onboarding;Call Center;Nordeste;Média Renda;5
R0906;C0582;2025-01-15;Varejo;MercadoBom;Compra Online;Reclamação;App;Norte;Baixa Renda;10
R0907;C0520;2025-04-01;Varejo;LojaFácil;Compra Online;Uso do App/Site;Website;Norte;PME;7
R0908;C0605;2025-04-03;Telecom;Connecta;Celular Pós-Pago;Onboarding;Atendimento Humano;Sudeste;Premium;6
R0909;C0347;2025-02-03;Telecom;FibraMax;Internet Fixa;Atendimento;Website;Norte;Média Renda;10
R0910;C0102;2025-10-30;Telecom;MobileNow;Celular Pós-Pago;Uso do App/Site;Website;Centro-Oeste;Média Renda;8
R0911;C0437;2025-11-17;Banco;TradBank;Empréstimo;Renovação;Call Center;Norte;Premium;4
R0912;C0057;2025-12-24;Seguros;Protege+;Seguro Residencial;Atendimento;App;Centro-Oeste;Baixa Renda;9
R0913;C0445;2025-12-17;Banco;Atlas Bank;Conta Corrente;Onboarding;Call Center;Norte;Premium;4
R0914;C0656;2025-10-20;Telecom;FibraMax;Celular Pré-Pago;Pagamento;Loja/Agência;Sudeste;Média Renda;8
R0915;C0046;2025-07-25;Banco;Nexa Bank;Conta Corrente;Atendimento;Website;Sudeste;Alta Renda;9
R0916;C0280;2025-12-01;Telecom;Connecta;Internet Fixa;Reclamação;Website;Norte;Alta Renda;5
R0917;C0679;2025-03-07;Seguros;SeguroDireto;Seguro Vida;Onboarding;Chatbot;Centro-Oeste;PME;6
R0918;C0408;2025-12-22;Telecom;MobileNow;Internet Fixa;Renovação;App;Sudeste;Média Renda;5
R0919;C0481;2025-01-19;Varejo;SuperPrime;Entrega;Pagamento;Call Center;Norte;Alta Renda;7
R0920;C0612;2025-08-15;Seguros;ClasseA;Seguro Auto;Onboarding;Website;Sudeste;PME;7
R0921;C0157;2025-07-14;Banco;Atlas Bank;Empréstimo;Reclamação;Website;Sul;Alta Renda;6
R0922;C0165;2025-10-13;Varejo;SuperPrime;Entrega;Onboarding;Website;Sul;Média Renda;9
R0923;C0391;2025-01-04;Telecom;Connecta;Celular Pré-Pago;Pagamento;App;Sudeste;Baixa Renda;4
R0924;C0396;2025-11-27;Banco;Nexa Bank;Empréstimo;Onboarding;Chatbot;Norte;Baixa Renda;8
R0925;C0148;2025-04-25;Varejo;SuperPrime;Entrega;Reclamação;Chatbot;Centro-Oeste;Média Renda;5
R0926;C0233;2025-10-05;Varejo;SuperPrime;Entrega;Renovação;Website;Centro-Oeste;Alta Renda;6
R0927;C0543;2025-03-10;Seguros;Protege+;Seguro Auto;Cancelamento;Loja/Agência;Nordeste;Média Renda;8
R0928;C0384;2025-07-29;Telecom;LegacyTel;Internet Fixa;Uso do App/Site;Loja/Agência;Sul;Premium;7
R0929;C0676;2025-03-22;Varejo;SuperPrime;Compra Online;Atendimento;Website;Centro-Oeste;Baixa Renda;4
R0930;C0412;2025-11-25;Seguros;Protege+;Seguro Vida;Atendimento;Website;Centro-Oeste;Baixa Renda;7
R0931;C0088;2025-02-03;Telecom;LegacyTel;Internet Fixa;Atendimento;Call Center;Centro-Oeste;Média Renda;6
R0932;C0598;2025-06-11;Banco;Nexa Bank;Conta Corrente;Cancelamento;App;Nordeste;Baixa Renda;4
R0933;C0644;2025-10-10;Seguros;VidaSul;Seguro Residencial;Pagamento;Loja/Agência;Sul;Alta Renda;6
R0934;C0175;2025-09-02;Seguros;ClasseA;Seguro Vida;Pagamento;Loja/Agência;Sul;Baixa Renda;10
R0935;C0182;2025-02-05;Banco;Nexa Bank;Empréstimo;Renovação;Call Center;Centro-Oeste;Premium;6
R0936;C0364;2025-02-12;Telecom;Connecta;Celular Pré-Pago;Pagamento;Loja/Agência;Centro-Oeste;Média Renda;8
R0937;C0314;2025-05-03;Seguros;ClasseA;Seguro Auto;Reclamação;Atendimento Humano;Centro-Oeste;Média Renda;6
R0938;C0011;2025-11-16;Varejo;MercadoBom;Loja Física;Atendimento;Call Center;Sudeste;Alta Renda;7
R0939;C0136;2025-06-25;Banco;Nexa Bank;Cartão de Crédito;Atendimento;Website;Centro-Oeste;PME;5
R0940;C0024;2025-02-28;Varejo;LojaFácil;Entrega;Pagamento;Atendimento Humano;Sul;PME;6
R0941;C0073;2025-11-13;Telecom;Connecta;Internet Fixa;Uso do App/Site;App;Sul;Alta Renda;9
R0942;C0004;2025-02-16;Telecom;Connecta;Celular Pré-Pago;Renovação;Chatbot;Nordeste;Baixa Renda;3
R0943;C0607;2025-12-13;Seguros;SeguroDireto;Seguro Vida;Uso do App/Site;Website;Sudeste;Baixa Renda;4
R0944;C0193;2025-02-08;Banco;Atlas Bank;Cartão de Crédito;Uso do App/Site;Atendimento Humano;Sudeste;Baixa Renda;7
R0945;C0671;2025-01-04;Telecom;FibraMax;Celular Pós-Pago;Cancelamento;Website;Sul;PME;5
R0946;C0013;2025-08-17;Varejo;MercadoBom;Loja Física;Cancelamento;Website;Sudeste;Baixa Renda;8
R0947;C0234;2025-04-08;Banco;TradBank;Cartão de Crédito;Reclamação;Call Center;Norte;Baixa Renda;2
R0948;C0395;2025-03-14;Telecom;FibraMax;Internet Fixa;Renovação;Call Center;Centro-Oeste;PME;8
R0949;C0098;2025-04-22;Seguros;SeguroDireto;Seguro Auto;Cancelamento;Website;Nordeste;PME;8
R0950;C0622;2025-09-07;Banco;Nexa Bank;Cartão de Crédito;Atendimento;Website;Nordeste;Alta Renda;6
R0951;C0503;2025-08-02;Seguros;ClasseA;Seguro Residencial;Atendimento;Website;Centro-Oeste;Baixa Renda;6
R0952;C0132;2025-12-19;Banco;Nexa Bank;Cartão de Crédito;Renovação;Website;Nordeste;Alta Renda;9
R0953;C0349;2025-10-12;Varejo;LojaFácil;Entrega;Atendimento;App;Sudeste;PME;6
R0954;C0321;2025-01-10;Varejo;CompreJá;Entrega;Uso do App/Site;Website;Nordeste;Premium;5
R0955;C0147;2025-05-22;Banco;ContaMais;Cartão de Crédito;Cancelamento;Website;Norte;Alta Renda;8
R0956;C0620;2025-06-10;Varejo;LojaFácil;Compra Online;Atendimento;Website;Sul;Baixa Renda;8
R0957;C0306;2025-01-06;Telecom;LegacyTel;Celular Pré-Pago;Uso do App/Site;Atendimento Humano;Norte;Baixa Renda;6
R0958;C0569;2025-07-15;Varejo;MercadoBom;Compra Online;Uso do App/Site;Call Center;Sudeste;Baixa Renda;9
R0959;C0489;2025-10-10;Telecom;FibraMax;Celular Pré-Pago;Atendimento;Call Center;Sudeste;Alta Renda;6
R0960;C0332;2025-05-25;Varejo;LojaFácil;Compra Online;Pagamento;Loja/Agência;Centro-Oeste;Premium;7
R0961;C0352;2025-07-31;Banco;Atlas Bank;Empréstimo;Onboarding;Loja/Agência;Sul;PME;8
R0962;C0268;2025-03-01;Banco;TradBank;Cartão de Crédito;Atendimento;Atendimento Humano;Sudeste;Premium;9
R0963;C0397;2025-06-15;Telecom;MobileNow;Internet Fixa;Onboarding;Loja/Agência;Norte;Baixa Renda;10
R0964;C0008;2025-09-09;Seguros;Protege+;Seguro Auto;Reclamação;Call Center;Centro-Oeste;Baixa Renda;7
R0965;C0164;2025-07-18;Varejo;LojaFácil;Entrega;Onboarding;Atendimento Humano;Nordeste;Premium;8
R0966;C0210;2025-07-27;Telecom;LegacyTel;Celular Pré-Pago;Pagamento;Call Center;Sul;Alta Renda;4
R0967;C0642;2025-11-28;Telecom;FibraMax;Internet Fixa;Onboarding;Chatbot;Sudeste;Média Renda;8
R0968;C0469;2025-06-17;Telecom;MobileNow;Celular Pré-Pago;Cancelamento;Call Center;Sul;Premium;4
R0969;C0281;2025-01-06;Seguros;Protege+;Seguro Vida;Cancelamento;Website;Centro-Oeste;PME;5
R0970;C0670;2025-08-02;Banco;Nexa Bank;Cartão de Crédito;Atendimento;Chatbot;Norte;Média Renda;4
R0971;C0179;2025-09-01;Banco;Nexa Bank;Cartão de Crédito;Cancelamento;App;Sudeste;Alta Renda;8
R0972;C0157;2025-12-21;Banco;Nexa Bank;Conta Corrente;Onboarding;Loja/Agência;Sul;PME;9
R0973;C0208;2025-09-03;Telecom;LegacyTel;Internet Fixa;Atendimento;Loja/Agência;Centro-Oeste;Baixa Renda;7
R0974;C0501;2025-12-26;Varejo;MercadoBom;Compra Online;Renovação;Call Center;Sul;Média Renda;5
R0975;C0655;2025-06-14;Telecom;MobileNow;Celular Pré-Pago;Cancelamento;Loja/Agência;Sudeste;Alta Renda;4
R0976;C0369;2025-07-28;Varejo;LojaFácil;Loja Física;Uso do App/Site;Atendimento Humano;Centro-Oeste;Alta Renda;5
R0977;C0554;2025-06-24;Seguros;SeguroDireto;Seguro Auto;Reclamação;Call Center;Sul;Alta Renda;8
R0978;C0681;2025-10-09;Telecom;FibraMax;Celular Pré-Pago;Uso do App/Site;Website;Centro-Oeste;Baixa Renda;6
R0979;C0109;2025-07-28;Telecom;FibraMax;Celular Pré-Pago;Uso do App/Site;Loja/Agência;Nordeste;PME;10
R0980;C0248;2025-06-06;Telecom;MobileNow;Celular Pré-Pago;Renovação;Chatbot;Sul;Média Renda;5
R0981;C0433;2025-03-02;Seguros;Protege+;Seguro Residencial;Cancelamento;Website;Norte;Baixa Renda;7
R0982;C0696;2025-01-22;Varejo;LojaFácil;Entrega;Atendimento;App;Norte;Alta Renda;4
R0983;C0503;2025-12-17;Seguros;ClasseA;Seguro Auto;Atendimento;Call Center;Nordeste;Baixa Renda;7
R0984;C0248;2025-06-22;Banco;Nexa Bank;Cartão de Crédito;Onboarding;Chatbot;Sudeste;PME;8
R0985;C0475;2025-04-03;Seguros;ClasseA;Seguro Auto;Pagamento;Call Center;Norte;PME;7
R0986;C0340;2025-11-04;Varejo;MercadoBom;Entrega;Reclamação;Chatbot;Norte;Baixa Renda;1
R0987;C0700;2025-06-24;Seguros;SeguroDireto;Seguro Auto;Renovação;Website;Sudeste;Média Renda;5
R0988;C0441;2025-12-24;Seguros;ClasseA;Seguro Auto;Renovação;Chatbot;Sudeste;Baixa Renda;8
R0989;C0520;2025-07-25;Banco;Nexa Bank;Empréstimo;Reclamação;Loja/Agência;Nordeste;Premium;9
R0990;C0190;2025-12-03;Telecom;MobileNow;Internet Fixa;Onboarding;App;Sul;Baixa Renda;7
R0991;C0010;2025-09-29;Seguros;SeguroDireto;Seguro Auto;Reclamação;App;Sul;Média Renda;6
R0992;C0150;2025-02-06;Varejo;SuperPrime;Compra Online;Pagamento;Website;Centro-Oeste;Média Renda;6
R0993;C0044;2025-08-10;Telecom;Connecta;Celular Pré-Pago;Uso do App/Site;App;Centro-Oeste;Premium;8
R0994;C0651;2025-11-27;Varejo;CompreJá;Loja Física;Onboarding;Website;Nordeste;PME;3
R0995;C0403;2025-05-23;Telecom;FibraMax;Internet Fixa;Reclamação;Atendimento Humano;Nordeste;PME;7
R0996;C0604;2025-12-19;Varejo;MercadoBom;Loja Física;Renovação;Call Center;Nordeste;Premium;6
R0997;C0246;2025-06-15;Telecom;Connecta;Celular Pós-Pago;Pagamento;App;Centro-Oeste;Alta Renda;4
R0998;C0303;2025-03-13;Telecom;LegacyTel;Celular Pós-Pago;Pagamento;Website;Nordeste;Premium;4
R0999;C0346;2025-11-21;Telecom;LegacyTel;Celular Pré-Pago;Renovação;Call Center;Norte;Premium;4
R1000;C0128;2025-05-10;Telecom;FibraMax;Celular Pré-Pago;Cancelamento;Chatbot;Nordeste;Média Renda;4
